From	To
P35680	HNF1B
Q7RTS3	PTF1A
Q13217	DNAJC3
P09038	FGF2
P48742	LHX1
P55075	FGF8
P48431	SOX2
P20823	HNF1A
P11168	SLC2A2
P55317	FOXA1
Q15465	SHH
Q8WXG9	ADGRV1
P20916	MAG
Q12948	FOXC1
P39905	GDNF
Q99958	FOXC2
Q8TAX0	OSR1
Q9H2W2	MIXL1
Q9H6I2	SOX17
Q9Y2N7	HIF3A
Q99814	EPAS1
P11362	FGFR1
O95947	TBX6
P31371	FGF9
P48436	SOX9
Q9UBC0	ONECUT1
O43623	SNAI2
Q9UJU5	FOXD3
P18850	ATF6
P35638	DDIT3
P08240	SRPRA
O95070	YIF1A
P17676	CEBPB
Q15848	ADIPOQ
Q9UH73	EBF1
P37231	PPARG
Q13105	ZBTB17
P11802	CDK4
P15090	FABP4
P23771	GATA3
O14905	WNT9B
P56705	WNT4
P15336	ATF2
Q9UBK2	PPARGC1A
Q8TAB3	PCDH19
O94979	SEC31A
O43524	FOXO3
P04040	CAT
P11940	PABPC1
P51858	HDGF
Q15475	SIX1
Q02962	PAX2
Q9BQ90	KLHDC3
Q9Y261	FOXA2
A8MTQ0	NOTO
P0C869	PLA2G4B
P43694	GATA4
P09681	GIP
P52951	GBX2
Q2M1K9	ZNF423
Q9HB03	ELOVL3
P05549	TFAP2A
Q15915	ZIC1
O15520	FGF10
P43307	SSR1
P04179	SOD2
P49715	CEBPA
P41159	LEP
Q8N7U7	TPRX1
A6NLW8	DUXA
Q9P0U4	CXXC1
P35222	CTNNB1
P23759	PAX7
O15178	TBXT
O00548	DLL1
P11474	ESRRA
P13196	ALAS1
P52945	PDX1
P10997	IAPP
Q9UBQ6	EXTL2
Q9Y4L1	HYOU1
Q12778	FOXO1
Q01860	POU5F1
O96014	WNT11
O95096	NKX2-2
P01308	INS
Q14554	PDIA5
P61421	ATP6V0D1
P01137	TGFB1
Q5MNZ9	WIPI1
P06576	ATP5F1B
Q99626	CDX2
P01275	GCG
Q06710	PAX8
Q9NWM8	FKBP14
P23760	PAX3
P49716	CEBPD
Q06210	GFPT1
P62753	RPS6
P17275	JUNB
Q12946	FOXF1
A0PJW6	TMEM223
P00395	MT-CO1
O14595	CTDSP2
Q13887	KLF5
Q92935	EXTL1
P49748	ACADVL
P17483	HOXB4
O43909	EXTL3
P78426	NKX6-1
P12644	BMP4
P24468	NR2F2
Q14508	WFDC2
Q9Y5M8	SRPRB
Q9UBS3	DNAJB9
Q15173	PPP2R5B
P18848	ATF4
P11021	HSPA5
P05412	JUN
P38936	CDKN1A
P46527	CDKN1B
O60315	ZEB2
Q04743	EMX2
Q13322	GRB10
P56704	WNT3A
P14625	HSP90B1
P10145	CXCL8
Q9Y2D1	ATF5
P36776	LONP1
Q92793	CREBBP
P23560	BDNF
Q9Y4Z2	NEUROG3
Q13562	NEUROD1
P48023	FASLG
P35557	GCK
O43521	BCL2L11
Q86TM6	SYVN1
Q17RH7	TPRXL
P26358	DNMT1
P43403	ZAP70
O14773	TPP1
P0DMM9	SULT1A3
Q9UL17	TBX21
O60704	TPST2
Q9Y6X1	SERP1
O95863	SNAI1
Q9H9S0	NANOG
P27797	CALR
Q01101	INSM1
P08833	IGFBP1
P26367	PAX6
Q9BXH1	BBC3
P61371	ISL1
P08620	FGF4
P56178	DLX5
P20264	POU3F3
Q03052	POU3F1
O60422	ONECUT3
P49840	GSK3A
P78504	JAG1
P12830	CDH1
Q8NB12	SMYD1
P61296	HAND2
Q14678	KANK1
Q7LFL8	CXXC5
Q8NHW3	MAFA
P47928	ID4
O60543	CIDEA
P07949	RET
P13500	CCL2
Q9Y490	TLN1
Q14999	CUL7
O43316	PAX4
O43474	KLF4
P55318	FOXA3
O95644	NFATC1
Q99665	IL12RB2
O14653	GOSR2
P28360	MSX1
P11161	EGR2
P57059	SIK1
O15534	PER1
P32243	OTX2
O43435	TBX1
P01375	TNF
Q9H2G4	TSPYL2
Q5SV97	PERM1
Q92611	EDEM1
Q14469	HES1
Q99502	EYA1
P30281	CCND3
O00570	SOX1
Q96FC9	DDX11
P29353	SHC1
Q93075	TATDN2
Q9UBS4	DNAJB11
Q9NPC8	SIX2
Q8N6T3	ARFGAP1
Q96EB6	SIRT1
O00327	BMAL1
P35611	ADD1
O95936	EOMES
P19484	TFEB
P56645	PER3
Q969H8	MYDGF
O60481	ZIC3
Q14541	HNF4G
Q15847	ADIRF
Q14623	IHH
P05067	APP
P31267	HOXA6
Q7Z7K2	ZNF467
P02545	LMNA
Q15084	PDIA6
Q13547	HDAC1
Q9HCU5	PREB
Q14203	DCTN1
O76024	WFS1
Q01523	DEFA5
Q15011	HERPUD1
Q7Z5J4	RAI1
O15516	CLOCK
P08887	IL6R
O60565	GREM1
Q14966	ZNF638
O43731	KDELR3
P0DV77	TPRX2
Q03112	MECOM
P29597	TYK2
Q07820	MCL1
P99999	CYCS
Q8NER1	TRPV1
Q9UN76	SLC6A14
Q9H598	SLC32A1
Q8N695	SLC5A8
P23975	SLC6A2
Q9BZW2	SLC13A1
Q86WA9	SLC26A11
P31639	SLC5A2
Q7RTM1	OTOP1
P24077	entS
O60931	CTNS
Q8NA29	MFSD2A
Q8IWU4	SLC30A8
Q12908	SLC10A2
Q8WWI5	SLC44A1
Q6PCB7	SLC27A1
O00476	SLC17A3
Q9Y6L6	SLCO1B1
Q9H310	RHBG
A0PJK1	SLC5A10
Q01959	SLC6A3
Q8TCC7	SLC22A8
Q01196	RUNX1
Q8WUX1	SLC38A5
Q13183	SLC13A2
Q86UK0	ABCA12
Q969S0	SLC35B4
Q14973	SLC10A1
Q6J4K2	SLC8B1
P49279	SLC11A1
Q9BRV3	SLC50A1
Q9NRA2	SLC17A5
Q70HW3	SLC25A26
P31641	SLC6A6
O43808	SLC25A17
O15439	ABCC4
O15247	CLIC2
P31645	SLC6A4
O75915	ARL6IP5
Q71RS6	SLC24A5
Q92504	SLC39A7
P51790	CLCN3
Q6YBV0	SLC36A4
Q9UBD6	RHCG
Q96AA3	RFT1
Q8WWT9	SLC13A3
P16671	CD36
Q9H2C2	ARV1
Q86YT5	SLC13A5
Q9H2J7	SLC6A15
Q9Y6R1	SLC4A4
Q16572	SLC18A3
P0DP23	CALM1
Q13286	CLN3
Q15758	SLC1A5
Q9NP91	SLC6A20
Q3KNW5	SLC10A6
Q8N130	SLC34A3
Q96QE2	SLC2A13
O43826	SLC37A4
O76082	SLC22A5
O00337	SLC28A1
Q9NSA1	FGF21
Q76EJ3	SLC35D2
P78382	SLC35A1
P13569	CFTR
P33527	ABCC1
Q9Y6M5	SLC30A1
Q9UBX3	SLC25A10
Q9ULF5	SLC39A10
O43511	SLC26A4
Q69HW3	oqxA
Q7RTU9	STRC
Q05940	SLC18A2
Q9GZV3	SLC5A7
Q9NQZ5	STARD7
P22059	OSBP
Q5J8M3	EMC4
Q96JT2	SLC45A3
P33897	ABCD1
Q02094	RHAG
Q6ZMH5	SLC39A5
Q495M3	SLC36A2
Q99884	SLC6A7
P43007	SLC1A4
P30626	SRI
P35670	ATP7B
Q99624	SLC38A3
Q96NT5	SLC46A1
Q5TA50	CPTP
P22732	SLC2A5
Q96S37	SLC22A12
P78381	SLC35A2
P48065	SLC6A12
Q8IVB4	SLC9A9
Q4G0N8	SLC9C1
Q9H2H9	SLC38A1
Q96BI1	SLC67A1
O43868	SLC28A2
P55017	SLC12A3
Q5XXA6	ANO1
O00631	SLN
Q9NZU7	CABP1
Q2M3M2	SLC5A9
Q9HD23	MRS2
P41440	SLC19A1
Q9UKG4	SLC13A4
Q9NPD5	SLCO1B3
Q8WWX8	SLC5A11
Q96QD8	SLC38A2
Q9H1U9	SLC25A51
P12235	SLC25A4
Q8WWZ7	ABCA5
O15431	SLC31A1
O60721	SLC24A1
Q7Z2H8	SLC36A1
Q96A29	SLC35C1
Q92911	SLC5A5
Q9H015	SLC22A4
O43772	SLC25A20
P13866	SLC5A1
A5H8A5	pef
Q9Y226	SLC22A13
Q9NPB3	CABP2
Q9BRI3	SLC30A2
Q8TAD4	SLC30A5
P08183	ABCB1
Q9HAS3	SLC28A3
P21439	ABCB4
Q9HD47	RANGRF
P21796	VDAC1
P63252	KCNJ2
Q9NZD2	GLTP
Q9Y2D2	SLC35A3
Q99808	SLC29A1
Q96HN2	AHCYL2
Q13454	TUSC3
Q9HC21	SLC25A19
Q8N4V1	MMGT1
Q6XR72	SLC30A10
P49281	SLC11A2
O00400	SLC33A1
Q1EHB4	SLC5A12
Q9NQ11	ATP13A2
P78363	ABCA4
P53794	SLC5A3
A8SPX9	tetB
Q14916	SLC17A1
Q86VD7	SLC25A42
P16260	SLC25A16
P0AEY8	mdfA
P49638	TTPA
O15245	SLC22A1
Q9GZU1	MCOLN1
Q6ZQN7	SLCO4C1
Q9HCJ1	ANKH
Q9H0U3	MAGT1
O15554	KCNN4
Q9BQT8	SLC25A21
Q92681	RSC1A1
Q9H2D1	SLC25A32
P20020	ATP2B1
Q695T7	SLC6A19
P46059	SLC15A1
Q96FT7	ASIC4
Q9HD20	ATP13A1
A8MV81	HIGD1C
P42285	MTREX
Q96BZ8	LENG1
P55081	MFAP1
Q9BW85	YJU2
F5HD27	UL121
F5HAM0	UL144
Q09472	EP300
P98177	FOXO4
Q6SW70	DUT
F5HIG1	UL102
F5HGJ4	UL25
F5HA06	UL147
O15155	BET1
P46781	RPS9
P61247	RPS3A
Q9H9Y6	POLR1B
O15446	POLR1G
P55265	ADAR
P09914	IFIT1
Q6SW48	UL95
F5HG68	UL16
F5H9N4	UL24
F5HAY6	UL36
F5HC14	UL119/UL118
F5HET1	UL78
Q9UQ35	SRRM2
Q14498	RBM39
Q96CV9	OPTN
Q14790	CASP8
P41240	CSK
Q9Y2R2	PTPN22
O60264	SMARCA5
Q9NR30	DDX21
Q6UXV4	APOOL
Q9NX63	CHCHD3
Q9NVC6	MED17
Q9Y2X0	MED16
F5HF62	US28
F5HC16	UL34
P19419	ELK1
F5H9I4	US13
P0DTC5	M
Q9UHD2	TBK1
Q9BYK8	HELZ2
F5H8S6	US24
F5HDK1	US27
P17947	SPI1
P23769	GATA2
F5H991	US26
O95391	SLU7
P05305	EDN1
P42892	ECE1
P03466	NP
P03431	PB1
F5HB40	UL84
P08238	HSP90AB1
P21926	CD9
Q92830	KAT2A
F5HDC7	US22
F5HI87	UL99
F5HH39	UL21A
Q8WUA2	PPIL4
Q6SWC3	UL7
F7V995	RL8A
Q6SW65	CVC2
Q6SWB8	UL13
Q6SW84	UL48
F7V999	US33A
Q9H444	CHMP4B
Q8WUX9	CHMP7
Q8WXG1	RSAD2
Q01629	IFITM2
Q6SW29	UL122
F5HFZ4	NEC1
Q96KP1	EXOC2
Q8IYI6	EXOC8
P01241	GH1
Q6SW99	UL32
F5HC79	TRM1
O14810	CPLX1
Q9P2U7	SLC17A7
Q07889	SOS1
F5HGG3	UL26
P18858	LIG1
P39748	FEN1
O15457	MSH4
P24941	CDK2
Q8IUM7	NPAS4
Q9HBZ2	ARNT2
Q6SW59	UL83
F5HAZ3	US23
Q9NPL8	TIMMDC1
Q9BU61	NDUFAF3
Q6SVZ0	US16
Q9BXP5	SRRT
Q6IQ49	SDE2
Q6SW77	UL54
Q6SW73	UL69
P07237	P4HB
P29459	IL12A
Q8N2W9	PIAS4
Q8IYW5	RNF168
Q13315	ATM
P51587	BRCA2
F5HEN8	HELI
F5HC97	UL44
Q13263	TRIM28
P20336	RAB3A
Q9Y2W1	THRAP3
Q9P2N5	RBM27
Q8IXZ2	ZC3H3
Q6SWD5	RL1
Q92673	SORL1
Q6SW81	NEC2
Q2TAY7	SMU1
Q13838	DDX39B
Q10570	CPSF1
Q6UN15	FIP1L1
Q5T8P6	RBM26
Q96MU7	YTHDC1
O15234	CASC3
Q9H0G5	NSRP1
Q6SW89	UL43
Q6SW04	IRS1
Q6SVX3	US34A
Q6SWC6	UL4
Q15223	NECTIN1
Q8N126	CADM3
O15357	INPPL1
P07947	YES1
F5HG98	UL38
F5HGQ8	UL138
P30101	PDIA3
O15533	TAPBP
P83876	TXNL4A
Q8NAV1	PRPF38A
F5HFG3	UL41A
Q6SW46	UL97
P56181	NDUFV3
O75380	NDUFS6
F5HI85	UL114
Q9BRR8	GPATCH1
P63279	UBE2I
Q9Y2X3	NOP58
Q6SVX2	TRS1
P42677	RPS27
Q96PC5	MIA2
Q6SVZ5	US11
Q7L190	DPPA4
Q7Z7J5	DPPA2
Q6SWB9	UL11
F5HAE6	UL15A
F5HFJ8	UL91
O75528	TADA3
P61964	WDR5
Q9Y2W2	WBP11
Q8IWZ8	SUGP1
Q9Y3Z3	SAMHD1
Q8WUD4	CCDC12
F5HAC7	UL94
Q9NWV8	BABAM1
O96028	NSD2
Q9H160	ING2
P06858	LPL
Q9BY76	ANGPTL4
F5HBC6	UL82
O60508	CDC40
Q9UBB9	TFIP11
P31749	AKT1
P55211	CASP9
Q9C005	DPY30
Q93074	MED12
Q9UHV7	MED13
Q8TDR0	TRAF3IP1
Q9BW83	IFT27
Q13485	SMAD4
Q9HAU4	SMURF2
P47985	UQCRFS1
Q5U5X0	LYRM7
F5HBR4	UL104
F5HD92	US14
Q9BRS2	RIOK1
Q9NRX1	PNO1
P01189	POMC
P31213	SRD5A2
Q6SWA0	UL31
Q92754	TFAP2C
O75626	PRDM1
Q6SW31	UL120
Q14562	DHX8
Q08722	CD47
P78324	SIRPA
F5H8R6	UL96
Q6SW87	RIR1
O60231	DHX16
F5HFJ7	US10
Q8IYB3	SRRM1
Q13123	IK
Q14974	KPNB1
P52294	KPNA1
Q12972	PPP1R8
O60828	PQBP1
P42566	EPS15
Q96D71	REPS1
O95714	HERC2
Q6UWZ7	ABRAXAS1
F5H9N9	US17
F5HE44	US12
Q9H5V9	STEEP1
O43809	NUDT21
Q7Z6E9	RBBP6
Q15648	MED1
O75586	MED6
Q6SW37	UL112/UL113
P22891	PROZ
P09958	FURIN
O75478	TADA2A
Q9H4B4	PLK3
P30304	CDC25A
O60675	MAFK
Q9UF56	FBXL17
P62263	RPS14
P62277	RPS13
Q08170	SRSF4
Q9Y3Y2	CHTOP
F5HEF3	US34
Q8NC56	LEMD2
P40763	STAT3
P42224	STAT1
Q6SW66	UL76
O75554	WBP4
Q9H2H8	PPIL3
F5HA10	UL103
P23497	SP100
O14879	IFIT3
Q6GPH4	XAF1
F5H8R0	UL147A
Q96FZ7	CHMP6
Q9UQN3	CHMP2B
Q6SWD1	RL11
P41221	WNT5A
O75084	FZD7
F5HHS3	UL124
P61769	B2M
P02795	MT2A
P62249	RPS16
P62280	RPS11
Q15185	PTGES3
Q02790	FKBP4
F5H8Q3	UL148
F7V996	RL9A
P48552	NRIP1
Q96F46	IL17RA
Q8NFR9	IL17RE
Q9H8E8	KAT14
O43513	MED7
Q96HR3	MED30
Q6SWA4	UL27
P43405	SYK
O60674	JAK2
F5HET4	UL131A
Q92993	KAT5
Q13523	PRP4K
P63027	VAMP2
O00186	STXBP3
Q6SW63	UL79
Q96CF2	CHMP4C
F5HDQ6	DBP
Q16518	RPE65
Q13402	MYO7A
P23588	EIF4B
P49336	CDK8
Q8IY81	FTSJ3
Q96JY0	MAEL
Q8NDG6	TDRD9
P20226	TBP
Q15573	TAF1A
P29692	EEF1D
P24534	EEF1B2
F5HE05	US2
F5HB41	US30
O60716	CTNND1
Q9H159	CDH19
P38398	BRCA1
O15541	RNF113A
P10828	THRB
P46531	NOTCH1
Q96RN5	MED15
Q71SY5	MED25
Q8IXB1	DNAJC10
F5HAS7	UL92
Q15596	NCOA2
Q92794	KAT6A
O60602	TLR5
P04949	fliC
P82979	SARNP
O14795	UNC13B
Q92538	GBF1
Q6SWC7	UL2
F5HD03	US32
P11150	LIPC
P01130	LDLR
P16284	PECAM1
Q06124	PTPN11
O15160	POLR1C
Q9P1U0	POLR1H
P03905	MT-ND4
Q96GE9	DMAC1
P46782	RPS5
Q9Y324	FCF1
Q8IYB7	DIS3L2
Q86U42	PABPN1
P09912	IFI6
P18146	EGR1
Q05823	RNASEL
Q9Y547	IFT25
F5HFB4	UL18
Q9HAV5	EDA2R
Q6SWC5	UL5
P62306	SNRPF
P14678	SNRPB
Q8IX12	CCAR1
Q86V81	ALYREF
Q6P2C8	MED27
Q9ULK4	MED23
Q96BP3	PPWD1
Q9Y421	FAM32A
Q15008	PSMD6
O43242	PSMD3
Q9Y580	RBM7
P49756	RBM25
Q9UGI0	ZRANB1
P25054	APC
O75376	NCOR1
P20393	NR1D1
Q01130	SRSF2
Q13243	SRSF5
Q6SWA3	UL29
P03433	PA
P03508	NS
F5HFA5	UL117
P28070	PSMB4
P49721	PSMB2
Q9UN37	VPS4A
Q9HD42	CHMP1A
F5HAR3	US19
F5HE69	US18
Q9H1K0	RBSN
Q9NRW7	VPS45
Q9H7X7	IFT22
Q9H7Z6	KAT8
Q7Z3B3	KANSL1
F5HE12	UL35
F5HB52	US8
O95786	RIGI
O14933	UBE2L6
P16885	PLCG2
Q53GS9	USP39
Q9BZL1	UBL5
O15379	HDAC3
Q15788	NCOA1
Q13099	IFT88
Q9Y366	IFT52
Q9NPJ4	PNRC2
Q92540	SMG7
Q13242	SRSF9
Q13177	PAK2
P04601	nef
Q6UXN9	WDR82
Q8TAA3	PSMA8
O14818	PSMA7
Q9ULW0	TPX2
O75330	HMMR
Q00987	MDM2
Q96DY7	MTBP
F5HEN7	SCP
O14730	RIOK3
Q2NL82	TSR1
P02647	APOA1
P02652	APOA2
Q9H944	MED20
Q14653	IRF3
P10451	SPP1
P16070	CD44
P20936	RASA1
Q9NRY4	ARHGAP35
P52756	RBM5
P62318	SNRPD3
Q9NYM9	BET1L
P08709	F7
Q9H3M7	TXNIP
P29590	PML
P28074	PSMB5
P20618	PSMB1
Q16236	NFE2L2
Q9NZJ5	EIF2AK3
O00533	CHL1
Q9UQ52	CNTN6
P05019	IGF1
Q9UQC2	GAB2
O15287	FANCG
Q6NZ36	FAAP20
P32456	GBP2
P28062	PSMB8
P13164	IFITM1
P12980	LYL1
Q92900	UPF1
Q96FT9	IFT43
Q9HBG6	IFT122
F5HF90	UL22A
Q3B726	POLR1F
P51809	VAMP7
P52594	AGFG1
Q6SJ96	TBPL2
Q99633	PRPF18
F5HC71	UL111A
Q330K2	NDUFAF6
Q8N183	NDUFAF2
F5H9T4	UL9
F5HCP3	UL130
Q9NQT4	EXOSC5
Q01780	EXOSC10
Q9GZS1	POLR1E
O95602	POLR1A
F5HGH8	US20
P55735	SEC13
Q9NW82	WDR70
O95926	SYF2
P40306	PSMB10
P18405	SRD5A1
P17844	DDX5
P51532	SMARCA4
Q92908	GATA6
P11142	HSPA8
Q5UIP0	RIF1
Q06609	RAD51
Q13472	TOP3A
Q9H5Z1	DHX35
O15315	RAD51B
O75771	RAD51D
F5HHT4	UL17
P21579	SYT1
O75352	MPDU1
Q9H6U8	ALG9
P32239	CCKBR
P01350	GAST
P48730	CSNK1D
Q5VV67	PPRC1
P51610	HCFC1
P49815	TSC2
Q92574	TSC1
Q86YC2	PALB2
Q9NQC8	IFT46
Q9NWB7	IFT57
P05161	ISG15
P15880	RPS2
O75400	PRPF40A
Q9BUQ8	DDX23
Q9H875	PRKRIP1
Q9BVS4	RIOK2
P49674	CSNK1E
Q9H8H0	NOL11
Q16891	IMMT
Q9BUR5	APOO
O94826	TOMM70
P0DTD2	9b
P63165	SUMO1
Q8N0S2	SYCE1
O00116	AGPS
Q2T9J0	TYSND1
P40305	IFI27
P61764	STXBP1
P60880	SNAP25
Q9Y3C7	MED31
Q9NPJ6	MED4
Q13573	SNW1
Q71UM5	RPS27L
P62266	RPS23
F5HC33	US9
Q04637	EIF4G1
P23443	RPS6KB1
Q13427	PPIG
O75448	MED24
P13056	NR2C1
P41732	TSPAN7
Q9NRD5	PICK1
O60244	MED14
P62847	RPS24
P49639	HOXA1
Q9Y6Q9	NCOA3
O75937	DNAJC8
P52292	KPNA2
P0DTC6	6
Q5T0F9	CC2D1B
P53990	IST1
Q5XKP0	MICOS13
Q9UIG0	BAZ1B
O75533	SF3B1
P06730	EIF4E
P47813	EIF1AX
P01730	CD4
P84077	ARF1
Q13769	THOC5
P06241	FYN
Q8NBS9	TXNDC5
Q9UL45	BLOC1S6
Q13363	CTBP1
P52434	POLR2H
P25789	PSMA4
Q6SW62	UL80
P32004	L1CAM
Q12860	CNTN1
O75344	FKBP6
O43143	DHX15
Q8WUQ7	CACTIN
P27361	MAPK3
O53971	lprM
O43719	HTATSF1
Q15637	SF1
P20700	LMNB1
P06400	RB1
P49023	PXN
Q13882	PTK6
O15294	OGT
Q07955	SRSF1
Q8N9B5	JMY
P60484	PTEN
Q9NTX7	RNF146
P45983	MAPK8
Q9NZN1	IL1RAPL1
O14662	STX16
O60499	STX10
P12931	SRC
O75832	PSMD10
Q14997	PSME4
P62081	RPS7
P62241	RPS8
O60870	KIN
Q9BUU2	METTL22
Q96ES7	SGF29
P62314	SNRPD1
O95232	LUC7L3
P62875	POLR2L
P19388	POLR2E
Q9HCG8	CWC22
Q05048	CSTF1
Q12996	CSTF3
Q8N163	CCAR2
Q9BYF1	ACE2
O14786	NRP1
Q92620	DHX38
Q6SW50	CVC1
P62805	H4C1
P62805	H4C11
P62805	H4C12
P62805	H4C13
P62805	H4C14
P62805	H4C15
P62805	H4C16
P62805	H4C2
P62805	H4C3
P62805	H4C4
P62805	H4C5
P62805	H4C6
P62805	H4C8
P62805	H4C9
Q9UPP1	PHF8
O15360	FANCA
Q8IU60	DCP2
O95453	PARN
Q9BTD8	RBM42
Q8N5F7	NKAP
O75530	EED
Q15910	EZH2
F5H9F9	UL88
Q16629	SRSF7
P26368	U2AF2
Q08211	DHX9
P52952	NKX2-5
Q06413	MEF2C
Q9NPI6	DCP1A
Q9UPR3	SMG5
A0AVF1	IFT56
O14594	NCAN
O00410	IPO5
Q9Y221	NIP7
O75152	ZC3H11A
Q9BVV7	TIMM21
P24311	COX7B
Q96I23	PYURF
Q8NB91	FANCB
Q0VG06	FAAP100
Q96NC0	ZMAT2
F5HF49	UL98
Q6ZW49	PAXIP1
P25786	PSMA1
Q14137	BOP1
P56182	RRP1
P19525	EIF2AK2
Q10589	BST2
Q01628	IFITM3
P62304	SNRPE
P40238	MPL
P40225	THPO
O75791	GRAP2
Q6SWB7	UL14
Q8WWZ1	IL1F10
Q15052	ARHGEF6
Q13153	PAK1
Q00535	CDK5
Q8WVM8	SCFD1
Q6UX04	CWC27
Q14320	FAM50A
P38919	EIF4A3
Q13356	PPIL2
P78536	ADAM17
Q9UJV9	DDX41
Q9Y248	GINS2
Q9BRX5	GINS3
F5HEA3	UL71
Q99873	PRMT1
P54198	HIRA
Q9NPG3	UBN1
Q96AZ6	ISG20
Q9BXT5	TEX15
P54920	NAPA
Q05586	GRIN1
O15399	GRIN2D
Q9Y5Y6	ST14
Q9Y337	KLK5
Q9NW38	FANCL
F5HEU0	US3
F5HCM1	UL123
P10515	DLAT
Q9Y234	LIPT1
P46937	YAP1
Q99594	TEAD3
Q92925	SMARCD2
P51531	SMARCA2
Q96RL1	UIMC1
Q9NVD7	PARVA
Q9UNG2	TNFSF18
Q9Y5U5	TNFRSF18
Q6SW79	UL52
Q96P20	NLRP3
P62857	RPS28
O75925	PIAS1
Q969R5	L3MBTL2
Q80H93	8b
Q9H9L3	ISG20L2
Q13285	NR5A1
Q05066	SRY
P9WHH9	lpdC
P31146	CORO1A
P15498	VAV1
Q06187	BTK
P25787	PSMA2
P25788	PSMA3
P24394	IL4R
P31040	SDHA
Q9NX18	SDHAF2
Q9UI09	NDUFA12
P07948	LYN
Q9Y572	RIPK3
Q96EZ8	MCRS1
Q14565	DMC1
P53803	POLR2K
Q9ULK5	VANGL2
Q14160	SCRIB
Q9Y3C6	PPIL1
Q92917	GPKOW
P62244	RPS15A
O00161	SNAP23
Q9H5J8	TAF1D
P22301	IL10
Q9NRM6	IL17RB
P54132	BLM
P58012	FOXL2
Q9Y2L1	DIS3
Q13901	C1D
P14373	TRIM27
Q9Y294	ASF1A
Q8IW41	MAPKAPK5
Q6UW78	UQCC3
P22695	UQCRC2
Q99547	MPHOSPH6
Q7Z434	MAVS
P54652	HSPA2
Q15431	SYCP1
P35221	CTNNA1
P63244	RACK1
Q9NVH1	DNAJC11
P69726	vpr
P69723	vif
Q96JC9	EAF1
Q7KZ85	SUPT6H
Q5VWX1	KHDRBS2
P24385	CCND1
P84103	SRSF3
P27695	APEX1
O15527	OGG1
Q9BXU0	TEX12
P27487	DPP4
F5HBX1	UL146
Q8NFJ9	BBS1
Q9BXC9	BBS2
Q9UHH9	IP6K2
Q9NPE3	NOP10
O60832	DKC1
Q99075	HBEGF
O75688	PPM1B
P61088	UBE2N
Q8N8N0	RNF152
Q9UKR0	KLK12
Q6UWN8	SPINK6
Q9ULM3	YEATS2
Q01658	DR1
P11473	VDR
P38646	HSPA9
P29033	GJB2
P08034	GJB1
O00712	NFIB
P05455	SSB
Q96ST8	CEP89
Q9Y592	CEP83
Q9NPF7	IL23A
P29460	IL12B
P41226	UBA7
Q15361	TTF1
O43502	RAD51C
Q12846	STX4
P25105	PTAFR
P33076	CIITA
F5HDM3	UL23
Q8NBP7	PCSK9
Q8WVK2	SNRNP27
Q01826	SATB1
Q9Y5B0	CTDP1
P55199	ELL
P15954	COX7C
Q16401	PSMD5
P24522	GADD45A
O14965	AURKA
P15151	PVR
Q15762	CD226
Q5VUM1	SDHAF4
P04070	PROC
P22307	SCP2
Q68CJ9	CREB3L3
O43462	MBTPS2
Q8TAM2	TTC8
F5HGT1	MCP
P30419	NMT1
P55957	BID
O14920	IKBKB
Q86WI3	NLRC5
P10275	AR
P07900	HSP90AA1
P40692	MLH1
P56524	HDAC4
Q8NE86	MCU
Q9NWR8	MCUB
Q13224	GRIN2B
Q86YB8	ERO1B
P26599	PTBP1
P09651	HNRNPA1
Q9Y5V3	MAGED1
Q6ZN44	UNC5A
P41743	PRKCI
Q05519	SRSF11
Q12888	TP53BP1
P00451	F8
P12259	F5
Q9NSG2	FIRRM
P53350	PLK1
Q9NZ63	C9orf78
P16383	GCFC2
P68104	EEF1A1
Q8WVE0	EEF1AKMT1
Q86XR7	TICAM2
P29074	PTPN4
P23458	JAK1
Q6UWB1	IL27RA
Q8N726	CDKN2A
Q14191	WRN
Q92769	HDAC2
Q92835	INPP5D
Q13895	BYSL
P25325	MPST
Q99757	TXN2
Q12834	CDC20
O60566	BUB1B
P08294	SOD3
O00244	ATOX1
P24863	CCNC
Q14686	NCOA6
O15550	KDM6A
O15105	SMAD7
Q9HCE7	SMURF1
Q8N0Z6	TTC5
P09913	IFIT2
P30307	CDC25C
P62316	SNRPD2
O15111	CHUK
Q15048	LRRC14
P0DPB5	POLR1D
Q96RK4	BBS4
P28065	PSMB9
Q9H3Z4	DNAJC5
P08047	SP1
Q5JPI9	EEF1AKMT2
Q9BSD3	RHNO1
P20340	RAB6A
Q9UBV2	SEL1L
Q99490	AGAP2
Q8IZJ1	UNC5B
Q5TGZ0	MICOS10
Q8IZA3	H1-8
P16104	H2AX
Q13325	IFIT5
P51685	CCR8
P22362	CCL1
O15117	FYB1
Q13094	LCP2
P80217	IFI35
O95816	BAG2
Q6IAA8	LAMTOR1
O43504	LAMTOR5
P35398	RORA
O43709	BUD23
Q9Y3V2	RWDD3
O60673	REV3L
Q9UI95	MAD2L2
Q92748	THRSP
Q9NPA3	MID1IP1
Q70EL4	USP43
P17152	TMEM11
O43290	SART1
Q96EK7	FAM120B
Q96G25	MED8
Q03405	PLAUR
Q75T13	PGAP1
P03428	PB2
Q9NXE8	CWC25
Q13330	MTA1
Q13185	CBX3
O60551	NMT2
P04591	gag
Q16526	CRY1
Q96EV8	DTNBP1
Q9NUP1	BLOC1S4
P14210	HGF
P13232	IL7
Q13614	MTMR2
Q9NXD2	MTMR10
Q96K83	ZNF521
Q96A65	EXOC4
Q14118	DAG1
O00468	AGRN
Q16623	STX1A
P40222	TXLNA
P04792	HSPB1
P0DMV8	HSPA1A
Q9NZ71	RTEL1
Q96B01	RAD51AP1
P35250	RFC2
P35249	RFC4
Q6R6M4	USP17L2
Q9Y256	RCE1
Q9Y2W6	TDRKH
Q13426	XRCC4
P55010	EIF5
Q9UHC7	MKRN1
P03915	MT-ND5
Q9NSA3	CTNNBIP1
Q92854	SEMA4D
P21854	CD72
Q6PIF2	SYCE2
O43529	CHST10
A1L190	SYCE3
P39687	ANP32A
P35658	NUP214
Q03111	MLLT1
Q5TEU4	NDUFAF5
O75496	GMNN
Q9H211	CDT1
Q9Y265	RUVBL1
Q9UG01	IFT172
P0DOE9	1C
P04543	1B
P78537	BLOC1S1
Q9Y584	TIMM22
Q9Y5J6	TIMM10B
Q13247	SRSF6
Q9BRQ6	CHCHD6
P27824	CANX
P39060	COL18A1
P45452	MMP13
P48729	CSNK1A1
Q8TAS1	UHMK1
Q02763	TEK
O15123	ANGPT2
P55287	CDH11
Q8N6P7	IL22RA1
Q92934	BAD
P09326	CD48
Q9BZW8	CD244
P23352	ANOS1
Q9H0D6	XRN2
Q9NW13	RBM28
Q8IWL3	HSCB
Q86SX6	GLRX5
P04618	rev
P05919	vpu
Q9UBX2	DUX4
Q06546	GABPA
P63172	DYNLT1
Q15436	SEC23A
O75396	SEC22B
Q8WXH0	SYNE2
Q9BTT4	MED10
O60391	GRIN3B
P04585	gag-pol
P24158	PRTN3
P24001	IL32
Q96LA8	PRMT6
Q9NZQ7	CD274
P51955	NEK2
P62877	RBX1
P63208	SKP1
Q9BQG0	MYBBP1A
P04198	MYCN
Q9BXK1	KLF16
P08246	ELANE
P57764	GSDMD
Q9UH99	SUN2
O94901	SUN1
Q9ULX3	NOB1
Q2TBE0	CWF19L2
P08543	RIR1
P46736	BRCC3
P31327	CPS1
Q9NXA8	SIRT5
P49959	MRE11
Q92878	RAD50
Q12879	GRIN2A
Q14957	GRIN2C
P24593	IGFBP5
P35858	IGFALS
Q92817	EVPL
O60437	PPL
P68036	UBE2L3
Q9Y5Q3	MAFB
P52333	JAK3
P31785	IL2RG
O60934	NBN
Q9H9L4	KANSL2
P15514	AREG
P01135	TGFA
Q45877	ha70
Q45878	ha17
P12273	PIP
P25311	AZGP1
Q9BUR4	WRAP53
Q9NXR7	BABAM2
Q8IV48	ERI1
Q96T51	RUFY1
P51813	BMX
P61916	NPC2
O15118	NPC1
Q9NY33	DPP3
Q9NX24	NHP2
O14746	TERT
Q86US8	SMG6
Q16576	RBBP7
P00519	ABL1
O75030	MITF
Q9Y6X2	PIAS3
Q86X55	CARM1
Q9Y2Z0	SUGT1
Q9BY43	CHMP4A
Q9Y3E7	CHMP3
O15169	AXIN1
P49841	GSK3B
Q01974	ROR2
Q7Z4L5	TTC21B
Q9NYV4	CDK12
O75909	CCNK
Q99683	MAP3K5
P45985	MAP2K4
Q13158	FADD
O15519	CFLAR
P46934	NEDD4
Q7L592	NDUFAF7
P08651	NFIC
O14776	TCERG1
P07492	GRP
Q99466	NOTCH4
P10144	GZMB
Q9H668	STN1
Q86WV5	TEN1
Q01105	SET
Q96NL6	SCLT1
Q8NEZ3	WDR19
Q14765	STAT4
P67809	YBX1
P24390	KDELR1
P60900	PSMA6
P01286	GHRH
Q02643	GHRHR
Q9UJQ4	SALL4
Q9UPV0	CEP164
Q6QNY0	BLOC1S3
Q13569	TDG
O43193	MLNR
P12872	MLN
P14927	UQCRB
O14949	UQCRQ
Q12849	GRSF1
P06748	NPM1
Q9UBC3	DNMT3B
P84243	H3-3A
P84243	H3-3B
O43542	XRCC3
Q2NKJ3	CTC1
Q15572	TAF1C
P35613	BSG
P03956	MMP1
P25445	FAS
P16150	SPN
P53611	RABGGTB
Q92696	RABGGTA
P51149	RAB7A
O53361	sapM
P03886	MT-ND1
Q9P032	NDUFAF4
Q9BWT3	PAPOLG
Q96CJ1	EAF2
P23193	TCEA1
Q96LB3	IFT74
P52739	ZNF131
Q9P2N6	KANSL3
Q9Y6K9	IKBKG
Q8NFP9	NBEA
O75461	E2F6
Q14188	TFDP2
P50120	RBP2
O95237	LRAT
Q13478	IL18R1
P61218	POLR2F
P9WNK7	esxA
O60603	TLR2
Q9UBU9	NXF1
Q92823	NRCAM
P16157	ANK1
P40200	CD96
Q9UBP0	SPAST
P10242	MYB
P16333	NCK1
O96017	CHEK2
P83916	CBX1
Q6SW10	UL133
Q9BZI7	UPF3B
Q14435	GALNT3
Q9GZV9	FGF23
P53701	HCCS
P23025	XPA
Q86WJ1	CHD1L
Q96AJ1	CLUAP1
Q49AN0	CRY2
P09727	US11
Q9BYE7	PCGF6
Q93008	USP9X
P47712	PLA2G4A
Q16539	MAPK14
P28715	ERCC5
Q5T4S7	UBR4
P01031	C5
P21730	C5AR1
Q92945	KHSRP
Q5DT21	SPINK9
O95248	SBF1
Q92824	PCSK5
P18031	PTPN1
Q8IWZ6	BBS7
Q3SYG4	BBS9
Q9H4G0	EPB41L1
Q9UM54	MYO6
Q9NX74	DUS2
P62937	PPIA
P26641	EEF1G
Q9UGK3	STAP2
Q92841	DDX17
Q8IVP5	FUNDC1
O75385	ULK1
Q9Y5Q5	CORIN
P01160	NPPA
Q5JTC6	AMER1
P38435	GGCX
P07225	PROS1
P49137	MAPKAPK2
Q16881	TXNRD1
P9WGP3	secA2
Q9H6S0	YTHDC2
O94906	PRPF6
P51668	UBE2D1
Q13546	RIPK1
P04004	VTN
P05121	SERPINE1
O43633	CHMP2A
O43889	CREB3
Q14703	MBTPS1
Q8WYA0	IFT81
P01215	CGA
P01222	TSHB
Q9UJU2	LEF1
Q9BRP4	PAAF1
Q9NNX6	CD209
Q7KYR7	BTN2A1
Q9Y266	NUDC
Q93009	USP7
P10276	RARA
P20339	RAB5A
Q16512	PKN1
Q9UKA1	FBXL5
Q9Y241	HIGD1A
Q9BW72	HIGD2A
P50570	DNM2
Q99963	SH3GL3
Q8NEM0	MCPH1
P61081	UBE2M
P22681	CBL
F5HGU6	UL132
Q8TAG9	EXOC6
Q9NV70	EXOC1
Q13724	MOGS
P0DTC2	S
P40337	VHL
Q9BYX4	IFIH1
Q92686	NRGN
P19793	RXRA
Q07869	PPARA
P40937	RFC5
Q9BX63	BRIP1
Q92547	TOPBP1
Q9BZE9	ASPSCR1
Q93034	CUL5
Q9UBF6	RNF7
Q53T94	TAF1B
Q96A00	PPP1R14A
Q96RY7	IFT140
P26572	MGAT1
Q16706	MAN2A1
P40855	PEX19
Q9Y5Y5	PEX16
Q7RTR2	NLRC3
P19838	NFKB1
P19338	NCL
Q96ST3	SIN3A
Q8IUQ4	SIAH1
P37840	SNCA
P42568	MLLT3
P62993	GRB2
P02818	BGLAP
P03485	M
Q9Y618	NCOR2
Q96E93	KLRG1
Q96GX9	APIP
Q9NQS1	AVEN
P40424	PBX1
A8MTZ0	BBIP1
Q9BY84	DUSP16
P9WFK7	eis
P19474	TRIM21
P01024	C3
Q16581	C3AR1
P28072	PSMB6
O75462	CRLF1
Q8NEV9	IL27
P22415	USF1
P08174	CD55
P48960	ADGRE5
Q9Y5J1	UTP18
O95631	NTN1
Q92859	NEO1
Q9GZX6	IL22
Q16611	BAK1
Q06330	RBPJ
P51659	HSD17B4
P28482	MAPK1
Q6ZMY3	SPOCD1
Q9Y6K1	DNMT3A
Q9BQ95	ECSIT
Q13233	MAP3K1
Q92851	CASP10
Q8WV28	BLNK
Q99731	CCL19
O00421	CCRL2
P03496	NS
Q12959	DLG1
Q86UR5	RIMS1
Q14289	PTK2B
O43196	MSH5
P60709	ACTB
Q9HB96	FANCE
P59594	S
Q14164	IKBKE
P9WQB7	ahpC
P9WG67	trxA
Q8TEY5	CREB3L4
O60573	EIF4E2
Q04656	ATP7A
Q9P2L0	WDR35
Q00613	HSF1
P63104	YWHAZ
Q0VGL1	LAMTOR4
Q14739	LBR
O14733	MAP2K7
Q8TDQ0	HAVCR2
O00182	LGALS9
Q9NYJ7	DLL3
Q16659	MAPK6
Q8WV24	PHLDA1
Q9BPX6	MICU1
Q9UPN9	TRIM33
P13284	IFI30
O43181	NDUFS4
P49407	ARRB1
P25116	F2R
Q9H3P2	NELFA
Q8IXH7	NELFCD
P53992	SEC24C
P02656	APOC3
P02655	APOC2
Q96AJ9	VTI1A
P59634	6
I3L1E1	C19orf84
Q9BV40	VAMP8
Q15911	ZFHX3
Q13761	RUNX3
P08133	ANXA6
P04083	ANXA1
Q13480	GAB1
O95402	MED26
Q6PJF5	RHBDF2
Q9NQC7	CYLD
Q96AX9	MIB2
Q8N3I7	BBS5
Q99436	PSMB7
P03452	HA
P48546	GIPR
Q9NY12	GAR1
Q674X7	KAZN
Q13077	TRAF1
Q9UHB7	AFF4
Q15561	TEAD4
Q92831	KAT2B
Q9NS73	MBIP
Q15067	ACOX1
Q9GZZ7	GFRA4
O15055	PER2
A1L188	NDUFAF8
P29372	MPG
Q96GX5	MASTL
O43768	ENSA
P02649	APOE
P35659	DEK
Q7Z624	CAMKMT
P46821	MAP1B
Q8TD26	CHD6
P09601	HMOX1
Q8TCT9	HM13
Q02246	CNTN2
P13591	NCAM1
P30291	WEE1
P25490	YY1
Q9Y6J0	CABIN1
O00471	EXOC5
Q15370	ELOB
Q8NFZ5	TNIP2
Q9NPI8	FANCF
Q15853	USF2
P13639	EEF2
Q9H2P9	DPH5
P29350	PTPN6
Q05655	PRKCD
P14672	SLC2A4
Q15742	NAB2
Q9H074	PAIP1
Q92608	DOCK2
Q92556	ELMO1
A5LHX3	PSMB11
Q86SE8	NPM2
Q8TCU5	GRIN3A
Q9UJW3	DNMT3L
P19544	WT1
O75888	TNFSF13
O14980	XPO1
P68871	HBB
P69892	HBG2
Q9UHC1	MLH3
O60563	CCNT1
P50750	CDK9
Q9H4I9	SMDT1
O15530	PDPK1
P59596	M
Q13616	CUL1
P02654	APOC1
P55056	APOC4
Q9BQI5	SGIP1
Q16570	ACKR1
Q13164	MAPK7
Q13163	MAP2K5
Q16566	CAMK4
Q53HV7	SMUG1
O94813	SLIT2
Q9Y6N7	ROBO1
P12814	ACTN1
Q9HBI1	PARVB
P69891	HBG1
P02042	HBD
Q9H2X6	HIPK2
P20265	POU3F2
O43613	HCRTR1
O43612	HCRT
O14867	BACH1
Q15726	KISS1
Q969F8	KISS1R
P24387	CRHBP
P06850	CRH
Q96ST2	IWS1
Q9HCH5	SYTL2
P51159	RAB27A
P25063	CD24
Q9UBD9	CLCF1
P25098	GRK2
P29323	EPHB2
Q9UKL3	CASP8AP2
P61978	HNRNPK
P0DN86	CGB3
P0DN86	CGB5
P0DN86	CGB8
P54578	USP14
P09237	MMP7
Q9UBM4	OPTC
P03372	ESR1
Q6SW94	UL37
P08631	HCK
P01019	AGT
P30556	AGTR1
Q9UN42	ATP1B4
P63000	RAC1
Q9HAK2	EBF2
Q00839	HNRNPU
O75369	FLNB
P13861	PRKAR2A
O00141	SGK1
P62308	SNRPG
Q9UGY1	NOL12
Q13541	EIF4EBP1
Q9P2H3	IFT80
Q96BA8	CREB3L1
Q99704	DOK1
Q8IYH5	ZZZ3
Q9BUF7	CRB3
Q8NI35	PATJ
Q92783	STAM
O95630	STAMBP
Q8TDN4	CABLES1
Q9UIM3	FKBPL
P35225	IL13
Q14627	IL13RA2
Q9GZQ8	MAP1LC3B
P0C6U8	1a
P49327	FASN
Q9NRN7	AASDHPPT
P40933	IL15
Q13261	IL15RA
Q9NW81	DMAC2
O94856	NFASC
P9WIA1	ptpA
Q8NHY0	B4GALNT2
P07911	UMOD
O75362	ZNF217
O00482	NR5A2
P09455	RBP1
Q9BX67	JAM3
P57087	JAM2
Q46871	yqjH
P64588	yqjI
P40818	USP8
Q9H4P4	RNF41
P51003	PAPOLA
Q12933	TRAF2
P11309	PIM1
P32455	GBP1
P21333	FLNA
Q6L8Q7	PDE12
O96019	ACTL6A
O94805	ACTL6B
Q15424	SAFB
P27448	MARK3
P41586	ADCYAP1R1
P18509	ADCYAP1
O43684	BUB3
Q96D42	HAVCR1
Q9Y496	KIF3A
Q92845	KIFAP3
O60238	BNIP3L
Q658P3	STEAP3
P08235	NR3C2
Q9UMX9	SLC45A2
Q04671	OCA2
P9WQB5	ahpD
P9WIS7	dlaT
P07355	ANXA2
Q8TCZ2	CD99L2
P14209	CD99
Q9UI12	ATP6V1H
Q9NP71	MLXIPL
Q9UH92	MLX
Q969V6	MRTFA
P11831	SRF
Q9UPW6	SATB2
Q86WX3	RPS19BP1
Q9Y679	AUP1
Q9P1W8	SIRPG
Q14814	MEF2D
Q9Y4K3	TRAF6
Q9HCS4	TCF7L1
P0DTC9	N
Q9GZN2	TGIF2
P14618	PKM
P17096	HMGA1
O75475	PSIP1
Q14677	CLINT1
Q5HYK7	SH3D19
Q96B36	AKT1S1
Q15022	SUZ12
P14784	IL2RB
Q8WW38	ZFPM2
Q16181	SEPTIN7
Q9ULL4	PLXNB3
Q13591	SEMA5A
P52298	NCBP2
Q9BYC5	FUT8
Q09328	MGAT5
Q09161	NCBP1
Q15056	EIF4H
Q9GZV8	PRDM14
Q96G04	EEF2KMT
P21781	FGF7
P52747	ZNF143
P14859	POU2F1
Q6PGQ7	BORA
Q9GZV5	WWTR1
Q9UDY2	TJP2
P21912	SDHB
Q9NRP4	SDHAF3
Q14526	HIC1
P41279	MAP3K8
Q99558	MAP3K14
P10599	TXN
Q86XT9	TMEM219
P17936	IGFBP3
P53667	LIMK1
Q9NZC7	WWOX
Q15532	SS18
Q8IZH2	XRN1
P31930	UQCRC1
Q8TBC4	UBA3
O95139	NDUFB6
Q6P4A7	SFXN4
P52272	HNRNPM
Q6NXG1	ESRP1
P29371	TACR3
Q9UHF0	TAC3
Q99816	TSG101
Q6P3W2	DNAJC24
P50613	CDK7
O43752	STX6
O75379	VAMP4
Q9ULV1	FZD4
Q9UET6	FTSJ1
Q6YHU6	THADA
Q14596	NBR1
Q13496	MTM1
Q9C0I1	MTMR12
O15393	TMPRSS2
Q70UQ0	IKBIP
P34925	RYK
P52630	STAT2
P00742	F10
Q9NYZ3	GTSE1
P24588	AKAP5
P20138	CD33
Q9UKT4	FBXO5
O00560	SDCBP
Q09028	RBBP4
F5HI32	RL10
P52926	HMGA2
Q96S59	RANBP9
Q15366	PCBP2
O95456	PSMG1
Q969U7	PSMG2
P56589	PEX3
Q02880	TOP2B
Q4KMG0	CDON
Q9UER7	DAXX
P46100	ATRX
Q8N9N5	BANP
P03923	MT-ND6
O60240	PLIN1
Q03135	CAV1
Q9Y6I3	EPN1
Q9UBC2	EPS15L1
P32927	CSF2RB
Q86UT6	NLRX1
O00445	SYT5
O60645	EXOC3
Q8IXW5	RPAP2
Q5VT52	RPRD2
P78396	CCNA1
P06493	CDK1
P35227	PCGF2
Q07812	BAX
Q92995	USP13
O43255	SIAH2
O75582	RPS6KA5
P18846	ATF1
Q96BZ9	TBC1D20
Q9UPT5	EXOC7
P06746	POLB
O60341	KDM1A
Q9UBW7	ZMYM2
Q14691	GINS1
Q08945	SSRP1
Q9Y5B9	SUPT16H
P23634	ATP2B4
P29475	NOS1
O43318	MAP3K7
Q9UBE8	NLK
Q57230	HA-33
P06717	eltA
P32890	eltB
Q15291	RBBP5
Q9UBL3	ASH2L
O75347	TBCA
Q9BTW9	TBCD
Q14186	TFDP1
Q16665	HIF1A
P31689	DNAJA1
P15036	ETS2
P41134	ID1
Q9Y251	HPSE
P07711	CTSL
P00803	lepB
Q96GA3	LTV1
O43159	RRP8
Q8NHH9	ATL2
Q9Y230	RUVBL2
P17612	PRKACA
Q00059	TFAM
P01133	EGF
O60907	TBL1X
Q9BZK7	TBL1XR1
P04180	LCAT
P02100	HBE1
Q9Y4X5	ARIH1
Q12906	ILF3
Q12905	ILF2
Q9UNM6	PSMD13
O00487	PSMD14
P30988	CALCR
P08311	CTSG
P29466	CASP1
P84022	SMAD3
Q9NZH6	IL37
Q9LBS8	ntnha
P54278	PMS2
Q99081	TCF12
P06401	PGR
P35813	PPM1A
O75843	AP1G2
Q96H15	TIMD4
P50458	LHX2
O00470	MEIS1
P14653	HOXB1
Q8TES7	FBF1
P23946	CMA1
Q8NF91	SYNE1
P0DTD1	rep
P23246	SFPQ
O69622	Rv3654c
Q9UJ68	MSRA
O95999	BCL10
Q9UDY8	MALT1
Q5JS54	PSMG4
Q9BT73	PSMG3
P20248	CCNA2
P05231	IL6
Q03164	KMT2A
A6NIH7	UNC119B
O75695	RP2
Q99593	TBX5
Q9UJT9	FBXL7
Q00341	HDLBP
Q9P2E9	RRBP1
O14744	PRMT5
Q9BQA1	WDR77
P06727	APOA4
P56693	SOX10
Q9NWZ3	IRAK4
Q9Y616	IRAK3
Q99497	PARK7
P05556	ITGB1
Q13418	ILK
P42685	FRK
O60443	GSDME
P78368	CSNK1G2
O15498	YKT6
Q96IF1	AJUBA
P26045	PTPN3
P53778	MAPK12
P08700	IL3
P26951	IL3RA
P41208	CETN2
Q01831	XPC
Q9HB75	PIDD1
P78560	CRADD
Q9BY77	POLDIP3
P04201	MAS1
Q9BTX1	NDC1
Q5SRE5	NUP188
P16767	UL36
Q8NB16	MLKL
P27694	RPA1
Q9Y6A5	TACC3
Q9UM73	ALK
P21741	MDK
Q96QG7	MTMR9
Q96EF0	MTMR8
O75177	SS18L1
Q9C0J8	WDR33
P14136	GFAP
Q04726	TLE3
Q70SY1	CREB3L2
Q92629	SGCD
Q16585	SGCB
P08253	MMP2
Q9BQ16	SPOCK3
O60678	PRMT3
Q13287	NMI
O14757	CHEK1
Q8NHY2	COP1
P38117	ETFB
Q8IXQ9	ETFBKMT
Q8IV16	GPIHBP1
Q969Y2	GTPBP3
Q9Y2Z2	MTO1
Q8N6Q3	CD177
Q86XA0	METTL23
Q00653	NFKB2
P35968	KDR
Q9NYA1	SPHK1
Q14938	NFIX
Q8NBK3	SUMF1
Q8NBJ7	SUMF2
P12236	SLC25A6
P0C0U1	PB1
P06729	CD2
P19256	CD58
O95750	FGF19
Q86Z14	KLB
P49720	PSMB3
Q99962	SH3GL2
Q15058	KIF14
O43663	PRC1
P51665	PSMD7
O43924	PDE6D
Q9UQK1	PPP1R3C
O95278	EPM2A
Q99549	MPHOSPH8
P22455	FGFR4
P62495	ETF1
Q9Y2B1	RXYLT1
O75072	FKTN
P10912	GHR
Q96CU9	FOXRED1
Q9UHA4	LAMTOR3
Q5T2D3	OTUD3
P17677	GAP43
O95372	LYPLA2
P06681	C2
P00751	CFB
Q13190	STX5
P17252	PRKCA
P10721	KIT
O15041	SEMA3E
Q9Y4D7	PLXND1
P29474	NOS3
Q8IVQ6	ZDHHC21
Q9Y264	ANGPT4
O00232	PSMD12
Q9H3S1	SEMA4A
Q9BTV6	DPH7
P14780	MMP9
Q07157	TJP1
P98175	RBM10
O50393	Rv3364c
O14832	PHYH
P00747	PLG
P04196	HRG
Q9UM47	NOTCH3
O96006	ZBED1
Q16288	NTRK3
Q8WX92	NELFB
P36873	PPP1CC
Q12857	NFIA
O95249	GOSR1
Q9Y2Q5	LAMTOR2
Q9UNQ2	DIMT1
Q6PI26	SHQ1
P78545	ELF3
Q96SZ4	ZSCAN10
Q86W56	PARG
P40136	cya
Q8WUM4	PDCD6IP
Q9UMR3	TBX20
Q9BUV8	RAB5IF
Q9HC77	CPAP
Q9NYY3	PLK2
O75531	BANF1
Q92922	SMARCC1
Q8TAQ2	SMARCC2
P88812	M2-2
P32302	CXCR5
O43927	CXCL13
P16871	IL7R
P30518	AVPR2
P19429	TNNI3
Q9H3Y6	SRMS
Q96GM5	SMARCD1
O14561	NDUFAB1
Q8IVS2	MCAT
P19174	PLCG1
O43561	LAT
P10244	MYBL2
Q08050	FOXM1
Q9UMW8	USP18
O95197	RTN3
P00533	EGFR
Q96JA1	LRIG1
P06733	ENO1
Q9GZQ4	NMUR2
Q5H8A3	NMS
Q9H6T0	ESRP2
Q13257	MAD2L1
P35240	NF2
Q16695	H3-4
Q01543	FLI1
Q9NWQ8	PAG1
Q15562	TEAD2
P22897	MRC1
Q15047	SETDB1
Q6VMQ6	ATF7IP
Q02241	KIF23
Q9HCK4	ROBO2
Q7Z5K2	WAPL
O60216	RAD21
Q9UIV8	SERPINB13
P43235	CTSK
O15524	SOCS1
Q6IA17	SIGIRR
A1A4S6	ARHGAP10
Q13740	ALCAM
P43080	GUCA1A
Q9UMX6	GUCA1B
O15455	TLR3
Q9H1C4	UNC93B1
Q8WVB6	CHTF18
P0CG13	CHTF8
P18827	SDC1
Q676U5	ATG16L1
Q8NAA4	ATG16L2
P01106	MYC
Q9UGL1	KDM5B
P01185	AVP
O60462	NRP2
P68400	CSNK2A1
P49792	RANBP2
P50542	PEX5
Q8NF37	LPCAT1
Q9Y365	STARD10
P36404	ARL2
Q04721	NOTCH2
Q9Y253	POLH
Q96PM5	RCHY1
Q13951	CBFB
O95150	TNFSF15
Q93038	TNFRSF25
Q96LC9	BMF
P78509	RELN
P98155	VLDLR
Q13309	SKP2
P25685	DNAJB1
O94913	PCF11
P05093	CYP17A1
Q9HB29	IL1RL2
Q9UBH0	IL36RN
P50876	RNF144A
Q9Y2G2	CARD8
Q6Q788	APOA5
Q9BXI6	TBC1D10A
Q8IYJ3	SYTL1
Q8TEY7	USP33
P56539	CAV3
O75923	DYSF
P08138	NGFR
P60896	SEM1
Q13501	SQSTM1
O60259	KLK8
P08254	MMP3
Q9P2I0	CPSF2
O95639	CPSF4
Q00403	GTF2B
P54252	ATXN3
Q8N801	STPG4
P43351	RAD52
P47989	XDH
Q13410	BTN1A1
Q7LC44	ARC
P56945	BCAR1
P54646	PRKAA2
P49736	MCM2
P33992	MCM5
Q16553	LY6E
Q6P5S7	RNASEK
Q8NFD5	ARID1B
Q9H0E2	TOLLIP
P23434	GCSH
Q8TD46	CD200R1
P41217	CD200
Q9H5K3	POMK
Q86WV6	STING1
P67870	CSNK2B
Q6FIF0	ZFAND6
O00628	PEX7
Q00597	FANCC
Q6VY07	PACS1
P08575	PTPRC
Q60393	botG
Q8WUP2	FBLIM1
P50552	VASP
Q6VVB1	NHLRC1
Q15569	TESK1
P31273	HOXC8
Q8N884	CGAS
Q6ZMU5	TRIM72
Q96J02	ITCH
P15291	B4GALT1
P00709	LALBA
O60229	KALRN
P25103	TACR1
P20366	TAC1
P55072	VCP
Q9H867	VCPKMT
P00740	F9
P17948	FLT1
Q02447	SP3
Q15717	ELAVL1
P08571	CD14
P62837	UBE2D2
P78556	CCL20
P51684	CCR6
P98160	HSPG2
P42680	TEC
P01033	TIMP1
Q03167	TGFBR3
Q5VWK5	IL23R
Q15633	TARBP2
Q92560	BAP1
P01258	CALCA
A6NFY7	SDHAF1
Q15813	TBCE
Q92729	PTPRU
Q14397	GCKR
Q02750	MAP2K1
Q14457	BECN1
P36507	MAP2K2
P61077	UBE2D3
P43354	NR4A2
Q9H1K1	ISCU
P18615	NELFE
P50553	ASCL1
Q9Y6H5	SNCAIP
P17542	TAL1
O60524	NEMF
Q9BQ70	TCF25
O14964	HGS
Q9Y4W2	LAS1L
Q5SY16	NOL9
Q8IY31	IFT20
Q15643	TRIP11
P10747	CD28
Q9Y217	MTMR6
Q9NS56	TOPORS
Q9HAV7	GRPEL1
Q15796	SMAD2
O95760	IL33
Q01638	IL1RL1
P32942	ICAM3
P59633	3b
Q01718	MC2R
Q12873	CHD3
P18428	LBP
P17213	BPI
A7MBM2	DISP2
Q9NQ36	SCUBE2
P49753	ACOT2
O95235	KIF20A
Q86VP6	CAND1
Q14116	IL18
O75928	PIAS2
P39059	COL15A1
Q96T60	PNKP
P28347	TEAD1
P51572	BCAP31
Q99966	CITED1
O00418	EEF2K
P98164	LRP2
P98082	DAB2
O15444	CCL25
P51686	CCR9
Q969J5	IL22RA2
Q8N3R9	PALS1
P11388	TOP2A
P16519	PCSK2
P04049	RAF1
P23468	PTPRD
Q9NQS3	NECTIN3
Q9BY67	CADM1
Q12981	BNIP1
Q15628	TRADD
O95231	VENTX
P48059	LIMS1
Q15404	RSU1
O53692	esxG
P9WNK3	esxH
P61221	ABCE1
Q92617	NPIPB3
Q15646	OASL
O14641	DVL2
Q13635	PTCH1
P54826	GAS1
Q15696	ZRSR2
P01584	IL1B
P49913	CAMP
Q92685	ALG3
O95838	GLP2R
Q9BVC3	DSCC1
P33991	MCM4
P33993	MCM7
Q8TB37	NUBPL
P19404	NDUFV2
Q14566	MCM6
P46459	NSF
Q9H814	PHAX
Q9BRT9	GINS4
P47871	GCGR
Q14714	SSPN
Q8IXJ6	SIRT2
Q86XL3	ANKLE2
P14651	HOXB3
P37173	TGFBR2
Q9H611	PIF1
Q969G3	SMARCE1
Q12824	SMARCB1
Q9P2W9	STX18
Q9NZ43	USE1
P59636	9b
Q9UMX1	SUFU
Q6PHR2	ULK3
P42701	IL12RB1
Q9UBR2	CTSZ
P08670	VIM
P10071	GLI3
P49411	TUFM
P11686	SFTPC
Q8IZF2	ADGRF5
O95243	MBD4
Q07666	KHDRBS1
Q9BQI3	EIF2AK1
Q14154	DELE1
Q6NZI2	CAVIN1
Q10469	MGAT2
Q9BV10	ALG12
Q07817	BCL2L1
P02675	FGB
P02671	FGA
P25205	MCM3
P10523	SAG
P08100	RHO
P40938	RFC3
P11926	ODC1
P15559	NQO1
Q92692	NECTIN2
Q9HC29	NOD2
Q13685	AAMP
P04156	PRNP
P10415	BCL2
P15509	CSF2RA
P04141	CSF2
Q9Y4U1	MMACHC
Q9H3L0	MMADHC
P42226	STAT6
P21452	TACR2
Q9NQR1	KMT5A
Q9NTG7	SIRT3
Q96PP9	GBP4
P09874	PARP1
Q9P0G3	KLK14
Q9UGN4	CD300A
P16035	TIMP2
Q9NYF0	DACT1
P01042	KNG1
P00748	F12
P56817	BACE1
P78527	PRKDC
Q96AC1	FERMT2
Q9H6P5	TASP1
Q9UMN6	KMT2B
Q96PU5	NEDD4L
P04637	TP53
Q13905	RAPGEF1
P43146	DCC
Q8NAT1	POMGNT2
Q8IU57	IFNLR1
P49821	NDUFV1
O60260	PRKN
Q92481	TFAP2B
Q9UIS9	MBD1
O43303	CCP110
Q8IW35	CEP97
Q7L8W6	DPH6
Q92889	ERCC4
P07992	ERCC1
O94887	FARP2
A2RUS2	DENND3
P08581	MET
Q15836	VAMP3
P08603	CFH
Q96T53	MBOAT4
Q14258	TRIM25
P49757	NUMB
P43487	RANBP1
P49662	CASP4
P30740	SERPINB1
Q7Z6A9	BTLA
Q92956	TNFRSF14
Q96P65	QRFPR
P83859	QRFP
O14977	AZIN1
P13598	ICAM2
Q9Y297	BTRC
Q9UM82	SPATA2
Q9P031	CCDC59
P41146	OPRL1
Q13519	PNOC
Q04206	RELA
Q01201	RELB
P13987	CD59
P02748	C9
P78552	IL13RA1
Q63HN8	RNF213
O69623	Rv3655c
P12493	gag
P08217	CELA2A
O60285	NUAK1
Q15831	STK11
Q8XAL7	nleF
Q13114	TRAF3
Q8VSC3	ipaH9.8
O33321	aldR
O95998	IL18BP
Q8WTS1	ABHD5
P43268	ETV4
Q14213	EBI3
Q9NVI1	FANCI
Q9BXW9	FANCD2
P61981	YWHAG
O43791	SPOP
P09769	FGR
P51959	CCNG1
P09603	CSF1
Q6ZMJ4	IL34
P50052	AGTR2
Q13253	NOG
Q05209	PTPN12
Q14393	GAS6
Q15389	ANGPT1
Q70EL2	USP45
P26992	CNTFR
P26441	CNTF
O94822	LTN1
O43597	SPRY2
Q14005	IL16
P00734	F2
A0MZ66	SHTN1
Q07065	CKAP4
Q9UIJ5	ZDHHC2
Q6PL18	ATAD2
P59665	DEFA1
P59665	DEFA1B
P52961	ART1
Q99836	MYD88
Q96SD1	DCLRE1C
Q15369	ELOC
Q13241	KLRD1
P26715	KLRC1
Q9H2K0	MTIF3
P46199	MTIF2
Q13145	BAMBI
Q14676	MDC1
O14640	DVL1
Q76N89	HECW1
Q13451	FKBP5
P26651	ZFP36
Q92973	TNPO1
P59595	N
P32121	ARRB2
Q10472	GALNT1
P0DTC3	3a
P18847	ATF3
P07602	PSAP
P54803	GALC
P59632	3a
Q6PIW4	FIGNL1
Q8TAQ5	ZNF420
P41247	PNPLA4
O60664	PLIN3
Q8IZU3	SYCP3
Q9BX26	SYCP2
Q9NRZ9	HELLS
Q9Y3M2	CBY1
P62333	PSMC6
P17980	PSMC3
Q92630	DYRK2
Q12974	PTP4A2
O43278	SPINT1
Q16656	NRF1
Q86YN6	PPARGC1B
P15056	BRAF
P08865	RPSA
O00429	DNM1L
O00233	PSMD9
Q99460	PSMD1
Q8NAC3	IL17RC
O43463	SUV39H1
Q6NYC1	JMJD6
Q9UNE0	EDAR
Q92838	EDA
P0DPD6	ECE2
P20809	IL11
Q14626	IL11RA
P0C6X7	rep
Q9P0P0	RNF181
P22736	NR4A1
Q13277	STX3
O60469	DSCAM
Q99967	CITED2
P00558	PGK1
Q16186	ADRM1
Q13474	DRP2
Q99941	ATF6B
Q9H0R5	GBP3
O75525	KHDRBS3
O00273	DFFA
O76075	DFFB
P50281	MMP14
Q9H2A7	CXCL16
O00574	CXCR6
Q92796	DLG3
Q9BTK6	PAGR1
Q9H8P0	SRD5A3
P25963	NFKBIA
O94782	USP1
Q8TAF3	WDR48
O00213	APBB1
Q4ZG55	GREB1
P01178	OXT
P30559	OXTR
Q9UBS0	RPS6KB2
Q5VVQ6	YOD1
O14957	UQCR11
Q9UDW1	UQCR10
Q9Y216	MTMR7
Q14839	CHD4
Q86YT9	JAML
P78310	CXADR
P0C0P6	NPS
Q6W5P4	NPSR1
Q16762	TST
Q9Y6N5	SQOR
P06239	LCK
Q15418	RPS6KA1
Q9NWF9	RNF216
Q99728	BARD1
Q9NY30	BTG4
A6NDY0	PABPN1L
P23582	NPPC
P20594	NPR2
O75144	ICOSLG
Q92989	CLP1
O43543	XRCC2
P56211	ARPP19
Q9UBD5	ORC3
Q13416	ORC2
Q9Y4A5	TRRAP
P78423	CX3CL1
P49238	CX3CR1
O60486	PLXNC1
O75326	SEMA7A
Q9BTP7	FAAP24
Q8IYD8	FANCM
Q9NQ38	SPINK5
P09110	ACAA1
Q5T1R4	HIVEP3
Q9H0M0	WWP1
P14543	NID1
Q99542	MMP19
O15119	TBX3
Q9Y243	AKT3
P32971	TNFSF8
P28908	TNFRSF8
P01589	IL2RA
P60568	IL2
P31948	STIP1
P01229	LHB
Q9UHF4	IL20RA
P13423	pagA
Q96DZ5	CLIP3
O43614	HCRTR2
Q13200	PSMD2
Q9Y2E6	DTX4
Q96MN2	NLRP4
Q15078	CDK5R1
P12004	PCNA
Q9HCK8	CHD8
Q15814	TBCC
Q96C10	DHX58
Q9Y2A9	B3GNT3
Q8NG66	NEK11
P17927	CR1
P07910	HNRNPC
O00241	SIRPB1
O43914	TYROBP
P62191	PSMC1
P35998	PSMC2
P09683	SCT
P47872	SCTR
P01559	sta1
Q86UT5	NHERF4
Q14671	PUM1
Q8IUR6	CREBRF
O75113	N4BP1
Q13332	PTPRS
Q96JH7	VCPIP1
P9WGU1	pstS1
P59635	7a
P62195	PSMC5
P43686	PSMC4
A6NK58	LIPT2
Q9NSI6	BRWD1
Q9NZU5	LMCD1
P43246	MSH2
P20585	MSH3
Q6UXH0	ANGPTL8
Q9Y5C1	ANGPTL3
O14543	SOCS3
Q96P48	ARAP1
Q96AV8	E2F7
A0AVK6	E2F8
Q9UL46	PSME2
Q06323	PSME1
O95997	PTTG1
Q14674	ESPL1
Q9UKG1	APPL1
Q9UNE7	STUB1
Q9NRR6	INPP5E
P78549	NTHL1
Q9UKR3	KLK13
P01225	FSHB
P02790	HPX
P02768	ALB
Q9UJA3	MCM8
Q99741	CDC6
P62258	YWHAE
P24347	MMP11
Q99538	LGMN
O60494	CUBN
Q16513	PKN2
Q7Z3S9	NOTCH2NLA
P30990	NTS
Q9BYT8	NLN
P22735	TGM1
P07476	IVL
P45973	CBX5
Q8NCR0	B3GALNT2
P00403	MT-CO2
Q8N8Q8	COX18
O00267	SUPT5H
P63272	SUPT4H1
P27540	ARNT
P01100	FOS
O95727	CRTAM
Q01113	IL9R
P16234	PDGFRA
Q9NPI1	BRD7
P46060	RANGAP1
Q5TAB7	RIPPLY2
O75593	FOXH1
P10914	IRF1
O60885	BRD4
Q99426	TBCB
Q9HAW4	CLSPN
O60493	SNX3
Q5T9L3	WLS
Q8IZL8	PELP1
Q14004	CDK13
P00749	PLAU
O43148	RNMT
Q02410	APBA1
O14936	CASK
P52701	MSH6
Q6ZNA4	RNF111
Q99640	PKMYT1
Q99877	H2BC15
Q8WVC0	LEO1
Q6P1J9	CDC73
Q9P2M4	TBC1D14
Q9NP77	SSU72
Q8WXB1	METTL21A
P11387	TOP1
P16471	PRLR
P35579	MYH9
Q86VB7	CD163
Q5S007	LRRK2
P21246	PTN
Q08334	IL10RB
Q8WVC6	DCAKD
O60547	GMDS
P16050	ALOX15
Q9UQ49	NEU3
Q9H6R3	ACSS3
Q6P1J6	PLB1
Q13085	ACACA
Q9BZ23	PANK2
Q9UHJ6	SHPK
Q5T6V5	QNG1
P0C024	NUDT7
Q16635	TAFAZZIN
Q8TB40	ABHD4
Q2TAA5	ALG11
Q96P26	NT5C1B
Q6NUM9	RETSAT
Q8NG68	TTL
P43155	CRAT
Q9Y2P5	SLC27A5
P27815	PDE4A
Q9NTJ5	SACM1L
Q8TBF2	PRXL2B
P09917	ALOX5
Q99487	PAFAH2
Q02318	CYP27A1
O75191	XYLB
Q08426	EHHADH
Q15800	MSMO1
Q04828	AKR1C1
Q6QHC5	DEGS2
P22310	UGT1A4
Q11203	ST3GAL3
Q9NXB9	ELOVL2
Q6ZV29	PNPLA7
P37659	bcsG
Q9UGM6	WARS2
Q96K12	FAR2
P28907	CD38
P49247	RPIA
Q9Y672	ALG6
Q9H2A9	CHST8
A8MXV4	NUDT19
Q9UKG9	CROT
Q9NVE7	PANK4
Q8WU67	ABHD3
Q9P0V3	SH3BP4
O95395	GCNT3
Q96NR8	RDH12
Q5T8I9	HENMT1
Q32NB8	PGS1
Q9BUM1	G6PC3
P56937	HSD17B7
P17643	TYRP1
Q9BVG9	PTDSS2
A2RU49	HYKK
Q14353	GAMT
P19623	SRM
P10745	RBP3
Q86YN1	DOLPP1
Q8IY26	PLPP6
Q9Y3D8	AK6
P31751	AKT2
Q9H553	ALG2
Q96N66	MBOAT7
Q8NBN7	RDH13
Q96EN8	MOCOS
Q13231	CHIT1
P11245	NAT2
P51580	TPMT
Q13057	COASY
Q9H237	PORCN
P08686	CYP21A2
Q15031	LARS2
P50416	CPT1A
Q8NBQ5	HSD17B11
P35475	IDUA
P26640	VARS1
O43272	PRODH
Q86WA6	BPHL
O60331	PIP5K1C
Q8WVM0	TFB1M
O75845	SC5D
P05177	CYP1A2
P17405	SMPD1
P22102	GART
O00748	CES2
Q96DG6	CMBL
Q8NFF5	FLAD1
Q8IW45	NAXD
O76062	TM7SF2
P30305	CDC25B
O60427	FADS1
P22061	PCMT1
Q9Y6X9	MORC2
Q9BQG2	NUDT12
O15440	ABCC5
P19526	FUT1
P35558	PCK1
Q96NU7	AMDHD1
P50747	HLCS
P08684	CYP3A4
Q96GW9	MARS2
Q9UHK6	AMACR
O95864	FADS2
Q8IWW8	ADHFE1
P42330	AKR1C3
Q6ZWL3	CYP4V2
Q96IU4	ABHD14B
O15229	KMO
A0AVT1	UBA6
Q709F0	ACAD11
O15528	CYP27B1
O14975	SLC27A2
Q16678	CYP1B1
Q58HT5	AWAT1
Q15274	QPRT
Q96SQ9	CYP2S1
Q9NYL5	CYP39A1
P16152	CBR1
Q9NPC4	A4GALT
Q9UMR5	PPT2
Q96PE7	MCEE
Q9UJK0	TSR3
P30838	ALDH3A1
O14772	FPGT
Q6IAN0	DHRS7B
Q86VZ5	SGMS1
Q9BV20	MRI1
Q9UBV7	B4GALT7
Q8WY54	PPM1E
Q63HM1	AFMID
P43353	ALDH3B1
P48448	ALDH3B2
P50897	PPT1
O05442	cpnT
Q8IY17	PNPLA6
Q9H2F3	HSD3B7
Q15125	EBP
Q10981	FUT2
Q4G176	ACSF3
Q9H8X2	IPPK
P00338	LDHA
P9WNE1	fgd1
Q8N5I4	DHRSX
Q8N4J0	CARNMT1
Q16774	GUK1
Q16822	PCK2
Q5JPH6	EARS2
Q8TDN7	ACER1
O15121	DEGS1
O95394	PGM3
O43169	CYB5B
P37059	HSD17B2
Q86V21	AACS
O95336	PGLS
Q13572	ITPK1
Q7L5L3	GDPD3
Q02252	ALDH6A1
Q99685	MGLL
P05181	CYP2E1
Q16696	CYP2A13
Q9UF12	PRODH2
P35503	UGT1A3
Q9H2A2	ALDH8A1
Q9H477	RBKS
O43280	TREH
Q9HB55	CYP3A43
Q86T03	PIP4P1
Q7LFX5	CHST15
Q96GD4	AURKB
Q9NUP7	TRMT13
P49419	ALDH7A1
Q96CM8	ACSF2
Q6IPR3	TYW3
P00813	ADA
P51857	AKR1D1
Q92887	ABCC2
Q8IVS8	GLYCTK
P52735	VAV2
P24557	TBXAS1
Q8N8N7	PTGR2
Q9NR19	ACSS2
P23786	CPT2
Q6NT55	CYP4F22
Q969X2	ST6GALNAC6
Q92521	PIGB
Q9HAW8	UGT1A10
Q96PD7	DGAT2
P11511	CYP19A1
P13039	fes
Q9UP65	PLA2G4C
Q6GMR7	FAAH2
Q07973	CYP24A1
Q15392	DHCR24
P42357	HAL
Q9HA77	CARS2
Q969T7	NT5C3B
Q6UWP7	LCLAT1
Q8NFU5	IPMK
Q12887	COX10
Q9BYZ2	LDHAL6B
P18754	RCC1
Q9UNU6	CYP8B1
P47897	QARS1
P0A3M3	bla
P07099	EPHX1
Q9NZC3	GDE1
Q8TC12	RDH11
Q9BVK2	ALG8
P21964	COMT
O15067	PFAS
P13716	ALAD
P23526	AHCY
Q08J23	NSUN2
Q9H227	GBA3
P49914	MTHFS
Q9NPB8	GPCPD1
P22570	FDXR
Q5QJU3	ACER2
Q86UL3	GPAT4
P52788	SMS
O75911	DHRS3
Q01581	HMGCS1
O14494	PLPP1
Q6V0L0	CYP26C1
P04798	CYP1A1
Q8TBK2	SETD6
Q14914	PTGR1
P15121	AKR1B1
Q96I59	NARS2
Q9HBK9	AS3MT
P17707	AMD1
P50583	NUDT2
P14550	AKR1A1
Q6ZPD8	DGAT2L6
Q9BY41	HDAC8
Q5T160	RARS2
Q15738	NSDHL
Q9Y6A2	CYP46A1
Q9NPI5	NMRK2
Q8N465	D2HGDH
Q8NBL1	POGLUT1
Q16850	CYP51A1
Q8NCG5	CHST4
P19099	CYP11B2
Q9GZX7	AICDA
Q8WZ04	TOMT
O75339	CILP
Q8TEK3	DOT1L
Q14032	BAAT
Q9NR45	NANS
O95050	INMT
Q6PIU2	NCEH1
Q16739	UGCG
P18440	NAT1
P49915	GMPS
O75828	CBR3
Q96Q11	TRNT1
Q6UWW8	CES3
P54802	NAGLU
P27144	AK4
Q9BW92	TARS2
Q96C86	DCPS
P71828	ggt-1
Q6VVX0	CYP2R1
P19367	HK1
Q86XF0	DHFR2
Q9BYX2	TBC1D2
Q13459	MYO9B
Q13018	PLA2R1
A5YM72	CARNS1
P40261	NNMT
O75106	AOC2
Q9Y2C2	UST
Q6NVY1	HIBCH
Q8WVX9	FAR1
P21217	FUT3
P21673	SAT1
Q9UNW1	MINPP1
O15228	GNPAT
P48728	AMT
Q96L58	B3GALT6
Q06136	KDSR
Q96A70	AZIN2
O14734	ACOT8
Q9NQ88	TIGAR
O15466	ST8SIA5
P02919	mrcB
Q5SQI0	ATAT1
P23471	PTPRZ1
Q7Z449	CYP2U1
P07902	GALT
Q9BSE5	AGMAT
Q9UKL6	PCTP
Q9Y570	PPME1
P80108	GPLD1
P54868	HMGCS2
Q9Y673	ALG5
Q16613	AANAT
Q9ULC8	ZDHHC8
Q86U90	YRDC
Q9NPH5	NOX4
O43598	DNPH1
P10746	UROS
O00462	MANBA
Q6E213	AWAT2
Q9Y3R4	NEU2
Q5K4L6	SLC27A3
Q6ZNB7	AGMO
Q7KZN9	COX15
Q14894	CRYM
P22309	UGT1A1
Q96DP5	MTFMT
Q15126	PMVK
P49590	HARS2
O95861	BPNT1
Q9Y2B2	PIGL
Q9NRZ7	AGPAT3
P16435	POR
Q9HCG7	GBA2
O15438	ABCC3
Q9NUI1	DECR2
P12081	HARS1
Q9Y2G5	POFUT2
Q8TC07	TBC1D15
Q9UNP4	ST3GAL5
Q93033	CD101
Q9H3H5	DPAGT1
Q8N0W3	FCSK
Q9UPQ8	DOLK
P48651	PTDSS1
O95342	ABCB11
Q9UBQ7	GRHPR
O95674	CDS2
Q9UKW4	VAV3
P07332	FES
O43776	NARS1
Q6P4F1	POFUT3
P51570	GALK1
Q7L5A8	FA2H
P22314	UBA1
P22760	AADAC
Q9UIJ7	AK3
A1L3X0	ELOVL7
Q53H76	PLA1A
Q9NWW6	NMRK1
Q9H3H1	TRIT1
Q9UJA2	CRLS1
Q79TB3	blaSHV-12
Q9BZP6	CHIA
P52758	RIDA
Q8NHU3	SGMS2
Q92523	CPT1B
Q9Y303	AMDHD2
Q05397	PTK2
Q9UJ37	ST6GALNAC2
Q99611	SEPHS2
Q8NFU3	TSTD1
Q9BUB4	ADAT1
O15297	PPM1D
Q9Y2H2	INPP5F
Q96JD6	AKR1E2
O95848	NUDT14
P11086	PNMT
Q9NRG4	SMYD2
P43490	NAMPT
Q8TEA1	NSUN6
P53041	PPP5C
Q8N0U8	VKORC1L1
P54819	AK2
Q7Z5W3	BCDIN3D
A8MUP2	CSKMT
Q9NQR9	G6PC2
O96024	B3GALT4
P49588	AARS1
Q9UBM1	PEMT
Q9BYG0	B3GNT5
Q8N9F0	NAT8L
Q99758	ABCA3
C9JRZ8	AKR1B15
Q7L3T8	PARS2
Q6GTS8	PM20D1
P35575	G6PC1
Q9NUJ1	ABHD10
Q9UBM7	DHCR7
P28329	CHAT
P86397	HTD2
Q86X67	NUDT13
O94760	DDAH1
P38571	LIPA
Q8NE22	SETD9
P50135	HNMT
Q8WUK0	PTPMT1
Q9BUB5	MKNK1
Q9UIC8	LCMT1
Q6IQ20	NAPEPLD
Q9BT22	ALG1
Q5SRI9	MANEA
Q12913	PTPRJ
Q8TBP0	TBC1D16
Q9NUD9	PIGV
Q96S44	TP53RK
O60294	LCMT2
Q9NV35	NUDT15
Q9H488	POFUT1
Q6IN84	MRM1
Q9NUB1	ACSS1
Q969S8	HDAC10
Q8TCT0	CERK
Q9F663	KPC-2
Q6SJ71	AAC(6')-Ib
Q8TE99	PXYLP1
Q8IYL2	TRMT44
P34949	MPI
Q5ST30	VARS2
P41222	PTGDS
Q16134	ETFDH
Q9HA64	FN3KRP
O00625	PIR
P46597	ASMT
Q86U10	ASPG
Q7Z7B1	PIGW
Q6Y288	B3GLCT
Q12931	TRAP1
Q8N9F7	GDPD1
P52306	RAP1GDS1
Q8NE62	CHDH
P52888	THOP1
Q9BXM7	PINK1
Q9BYN0	SRXN1
O14792	HS3ST1
Q5JTZ9	AARS2
Q8TBZ6	TRMT10A
P06276	BCHE
O14717	TRDMT1
P13798	APEH
Q7Z6Z6	PNPLA5
Q9EZE7	espC
P19224	UGT1A6
O95363	FARS2
Q9NXH9	TRMT1
P52564	MAP2K6
Q13237	PRKG2
O75063	FAM20B
O00519	FAAH
Q8NCH0	CHST14
Q9NSE4	IARS2
Q9H479	FN3K
Q9NV23	OLAH
Q13370	PDE3B
O60733	PLA2G6
Q9BYW2	SETD2
O75752	B3GALNT1
Q8WV74	NUDT8
Q96H96	COQ2
Q9UNA3	A4GNT
Q9UI43	MRM2
O00142	TK2
P62593	bla
P62593	blaT-3
P62593	blaT-4
P62593	blaT-5
P62593	blaT-6
Q32P41	TRMT5
O43916	CHST1
Q8NCC3	PLA2G15
Q9P0Z9	PIPOX
P98170	XIAP
Q6UWR7	ENPP6
Q13627	DYRK1A
P35754	GLRX
O95427	PIGN
Q9P272	TRMT9B
Q9NX46	ADPRS
Q6UWV6	ENPP7
Q9H9P8	L2HGDH
P48449	LSS
Q5VTY9	HHAT
P48163	ME1
Q9Y5Z9	UBIAD1
P15907	ST6GAL1
Q3MII6	TBC1D25
Q6JQN1	ACAD10
Q9NRA0	SPHK2
O43353	RIPK2
Q99999	GAL3ST1
Q9UBN7	HDAC6
Q14432	PDE3A
Q16880	UGT8
Q96C23	GALM
Q04759	PRKCQ
Q495W5	POFUT4
Q53H54	TYW2
Q9NPH0	ACP6
P43304	GPD2
P43251	BTD
O88093	hbp
Q9NWZ5	UCKL1
Q8N661	TMEM86B
P49593	PPM1F
Q9NUQ2	AGPAT5
Q8N6T7	SIRT6
Q9HC36	MRM3
P46087	NOP2
P46721	SLCO1A2
Q8NFI3	ENGASE
Q9Y315	DERA
Q9NWX6	THG1L
Q8WTR4	GDPD5
P9WJH7	ndkA
Q9BYJ1	ALOXE3
O95470	SGPL1
Q96EY7	PTCD3
Q9BYN8	MRPS26
O60306	AQR
Q13608	PEX6
Q8TEP8	CEP192
Q5BJF6	ODF2
Q9BV73	CEP250
Q8NBZ0	INO80E
Q5T653	MRPL2
Q9H0U6	MRPL18
Q9BZJ0	CRNKL1
Q7Z2W9	MRPL21
Q16540	MRPL23
Q9BYC9	MRPL20
Q96EL3	MRPL53
Q8WXD5	GEMIN6
Q9H840	GEMIN7
Q08289	CACNB2
Q01668	CACNA1D
P18077	RPL35A
P61353	RPL27
Q99661	KIF2C
Q9Y6D9	MAD1L1
Q9BWV1	BOC
O75665	OFD1
Q14204	DYNC1H1
O15213	WDR46
P50914	RPL14
P62888	RPL30
Q6ZSZ5	ARHGEF18
Q9P2M7	CGN
P56381	ATP5F1E
P30049	ATP5F1D
Q9UJX6	ANAPC2
P60006	ANAPC15
Q68DK7	MSL1
Q9Y6N6	LAMC3
Q16363	LAMA4
Q6ZYL4	GTF2H5
P32780	GTF2H1
P9WFZ9	oppC
P9WQJ5	oppD
Q96MT8	CEP63
P63167	DYNLL1
Q8TAT6	NPLOC4
Q68CL5	TPGS2
O95922	TTLL1
P30041	PRDX6
P09211	GSTP1
P05386	RPLP1
P61313	RPL15
O95298	NDUFC2
P56556	NDUFA6
Q5TB80	CEP162
O95613	PCNT
P36542	ATP5F1C
O95628	CNOT4
Q9UKZ1	CNOT11
Q8NHV4	NEDD1
Q12788	TBL3
Q96SN8	CDK5RAP2
O15078	CEP290
P0AC02	bamD
P0A903	bamC
P23396	RPS3
P31323	PRKAR2B
Q5JTW2	CEP78
Q9BYD3	MRPL4
Q9P0J6	MRPL36
P23109	AMPD1
Q6PD62	CTR9
O00139	KIF2A
Q2NKX8	ERCC6L
Q5T7B8	KIF24
P46776	RPL27A
O43660	PLRG1
A8MW92	PHF20L1
Q9UEY8	ADD3
Q7Z6J9	TSEN54
P07814	EPRS1
Q9P2J5	LARS1
Q9Y3B2	EXOSC1
Q9NQT5	EXOSC3
Q9NPF0	CD320
P20062	TCN2
O94777	DPM2
Q92535	PIGC
Q9UBU8	MORF4L1
Q13568	IRF5
O75694	NUP155
O15265	ATXN7
P62899	RPL31
Q9ULR0	ISY1
Q92643	PIGK
Q96S52	PIGS
Q9Y3D3	MRPS16
Q9NP92	MRPS30
O75394	MRPL33
Q8TCC3	MRPL30
Q9P0M9	MRPL27
Q9BSI4	TINF2
Q96AP0	ACD
Q8TAP6	CEP76
P62269	RPS18
O75865	TRAPPC6A
Q9Y296	TRAPPC4
Q9BVI4	NOC4L
Q9Y664	KPTN
Q96MD2	KICS2
Q13868	EXOSC2
Q9NQS7	INCENP
Q9H4B6	SAV1
Q9NV56	MRGBP
Q13084	MRPL28
Q7Z7F7	MRPL55
Q9P2K1	CC2D2A
Q96GX1	TCTN2
P82933	MRPS9
O15235	MRPS12
Q9Y6W5	WASF2
Q8WUW1	BRK1
Q86XR8	CEP57
Q8NFH4	NUP37
Q12769	NUP160
Q9BYC8	MRPL32
Q9BZE1	MRPL37
Q99832	CCT7
P17987	TCP1
P55055	NR1H2
O95477	ABCA1
Q92905	COPS5
Q7L5N1	COPS6
P49790	NUP153
Q8TEM1	NUP210
P43034	PAFAH1B1
Q9Y2I6	NINL
Q99459	CDC5L
Q99567	NUP88
P62861	FAU
Q9HD33	MRPL47
Q9BYD1	MRPL13
Q5FBB7	SGO1
Q9H2W6	MRPL46
Q9BYD2	MRPL9
Q9UNP9	PPIE
P62987	UBA52
P18124	RPL7
Q9BYD6	MRPL1
Q9Y3B7	MRPL11
P62979	RPS27A
Q14008	CKAP5
Q9BYV8	CEP41
Q8WVT3	TRAPPC12
Q96Q05	TRAPPC9
Q7L7X3	TAOK1
P82650	MRPS22
Q9BRJ2	MRPL45
Q96A35	MRPL24
Q9BQ48	MRPL34
P62487	POLR2G
P52435	POLR2J
Q8IY37	DHX37
Q9HBA0	TRPV4
P46778	RPL21
P61927	RPL37
Q9C0C2	TNKS1BP1
Q96LI5	CNOT6L
Q96EL2	MRPS24
P82664	MRPS10
P30153	PPP2R1A
Q9NV06	DCAF13
Q68CQ4	UTP25
Q9BUE0	MED18
P30926	CHRNB4
Q15825	CHRNA6
P60866	RPS20
Q9UHB9	SRP68
O76094	SRP72
P06821	M
P62854	RPS26
P62829	RPL23
P05387	RPLP2
Q16671	AMHR2
Q9C086	INO80B
Q96DV4	MRPL38
Q96FX7	TRMT61A
Q8TAM1	BBS10
P50991	CCT4
Q9P258	RCC2
O75122	CLASP2
P78346	RPP30
P61009	SPCS3
Q15005	SPCS2
O95400	CD2BP2
Q9HCS7	XAB2
P11169	SLC2A3
P68366	TUBA4A
P62851	RPS25
Q9NUX5	POT1
Q9NYB0	TERF2IP
P51991	HNRNPA3
P04350	TUBB4A
P21549	AGXT
O75529	TAF5L
P47944	MT4
Q6P1L8	MRPL14
Q9H9J2	MRPL44
Q92621	NUP205
P07437	TUBB
Q9UMS4	PRPF19
Q96RD7	PANX1
P46783	RPS10
P62841	RPS15
Q9BUJ2	HNRNPUL1
Q15287	RNPS1
Q66GS9	CEP135
Q9NXR1	NDE1
O95059	RPP14
Q71U36	TUBA1A
Q8TCU4	ALMS1
O75935	DCTN3
P26373	RPL13
P62910	RPL32
Q8NCM8	DYNC2H1
Q14197	MRPL58
P30260	CDC27
Q9UJX3	ANAPC7
O00257	CBX4
Q4AC94	C2CD3
P30622	CLIP1
P20674	COX5A
O00444	PLK4
Q8IXM3	MRPL41
Q9NQ50	MRPL40
Q9NW08	POLR3B
P9WGN9	secF
P9WGN3	secY
Q7RTV0	PHF5A
P02743	APCS
Q13405	MRPL49
Q13503	MED21
Q9NZE8	MRPL35
Q9NWU5	MRPL22
Q8WVK7	SKA2
Q9BPU9	B9D2
Q9BWU1	CDK19
Q9Y399	MRPS2
Q92665	MRPS31
Q9NPF4	OSGEP
Q9Y375	NDUFAF1
Q9H845	ACAD9
Q15024	EXOSC7
Q5RKV6	EXOSC6
Q04323	UBXN1
Q6P1K2	PMF1
Q96IY1	NSL1
Q9Y6G3	MRPL42
Q8WVI0	UQCC5
Q9NVA1	UQCC1
P57678	GEMIN4
P35916	FLT4
P51970	NDUFA8
Q16514	TAF12
Q14CW9	ATXN7L3
Q9Y2R9	MRPS7
Q8NHQ1	CEP70
O15488	GYG2
P54840	GYS2
Q9NPA8	ENY2
Q86TJ2	TADA2B
P51398	DAP3
P00846	MT-ATP6
Q96IX5	ATP5MK
Q9Y6V7	DDX49
Q9Y2R4	DDX52
Q14232	EIF2B1
Q9UI10	EIF2B4
Q6ZW61	BBS12
P78371	CCT2
P61163	ACTR1A
O60783	MRPS14
Q9BUL9	RPP25
Q13409	DYNC1I2
Q86TS9	MRPL52
Q9UID3	VPS51
Q5VIR6	VPS53
Q9NYG5	ANAPC11
P51965	UBE2E1
Q96GC5	MRPL48
O94986	CEP152
Q9NPE2	NGRN
Q9NYY8	FASTKD2
Q9H2F5	EPC1
Q15014	MORF4L2
P23258	TUBG1
Q562F6	SGO2
Q6NUS6	TCTN3
Q2MV58	TCTN1
Q9NYK5	MRPL39
Q9Y5L4	TIMM13
P9WGN7	secE
P9WGP5	secA1
P02745	C1QA
P02746	C1QB
Q96BD8	SKA1
Q8NFH5	NUP35
P09001	MRPL3
Q15388	TOMM20
Q9BTM9	URM1
Q2VPK5	CTU2
Q16594	TAF9
O00159	MYO1C
Q9NZA1	CLIC5
P39019	RPS19
O95182	NDUFA7
Q9NX14	NDUFB11
Q15528	MED22
Q9NRX2	MRPL17
P25398	RPS12
P82912	MRPS11
Q9Y2Q9	MRPS28
P82914	MRPS15
P52815	MRPL12
P61513	RPL37A
Q8N5N7	MRPL50
Q14781	CBX2
Q99496	RNF2
Q9NV31	IMP3
O00566	MPHOSPH10
Q96H20	SNF8
Q9BRG1	VPS25
O95907	SLC16A8
Q7Z460	CLASP1
O75616	ERAL1
P09661	SNRPA1
O75940	SMNDC1
Q15051	IQCB1
A8K8P3	SFI1
Q96DU7	ITPKC
Q8NI27	THOC2
Q96J01	THOC3
O00762	UBE2C
Q9H0E9	BRD8
Q9Y3D9	MRPS23
P82930	MRPS34
P60903	S100A10
O43805	SSNA1
P30532	CHRNA5
Q9HBG4	ATP6V0A4
Q9Y487	ATP6V0A2
Q86SQ7	SDCCAG8
Q99996	AKAP9
P10696	ALPG
P49406	MRPL19
P47914	RPL29
Q7Z7H8	MRPL10
Q9H3S5	PIGM
Q8TBF5	PIGX
Q8N1B4	VPS52
Q9BT09	CNPY3
P42336	PIK3CA
O00459	PIK3R2
Q99613	EIF3C
Q7L2H7	EIF3M
Q9P209	CEP72
P78380	OLR1
P26006	ITGA3
P14866	HNRNPL
Q9UBQ5	EIF3K
P60228	EIF3E
Q8N983	MRPL43
P82921	MRPS21
Q92552	MRPS27
O75817	POP7
P52657	GTF2A2
P52655	GTF2A1
Q86SQ9	DHDDS
Q96E22	NUS1
P84098	RPL19
Q86WB0	ZC3HC1
Q15154	PCM1
Q92733	PRCC
Q15021	NCAPD2
Q15003	NCAPH
Q15878	CACNA1E
Q9UBN1	CACNG4
Q8TAE8	GADD45GIP1
Q6UX46	ALKAL2
P27986	PIK3R1
O00329	PIK3CD
Q9H633	RPP21
P05388	RPLP0
P26038	MSN
Q9UKF6	CPSF3
P62140	PPP1CB
P42338	PIK3CB
Q07864	POLE
P56282	POLE2
P00738	HP
P61758	VBP1
Q9NQP4	PFDN4
O15239	NDUFA1
Q9UKX5	ITGA11
P04839	CYBB
P13498	CYBA
P17302	GJA1
Q9H1A4	ANAPC1
Q9UJW0	DCTN4
Q9BTE1	DCTN5
P36578	RPL4
O75431	MTX2
Q13505	MTX1
Q6IBW4	NCAPH2
Q86XI2	NCAPG2
Q9BUN8	DERL1
P54727	RAD23B
Q96ME1	FBXL18
Q96DE5	ANAPC16
Q7Z7A1	CNTRL
Q9Y262	EIF3L
Q92614	MYO18A
Q9UPN4	CEP131
Q9UPM8	AP4E1
Q9Y6B7	AP4B1
P49711	CTCF
P46098	HTR3A
O15042	U2SURP
Q96D96	HVCN1
Q9Y4Z0	LSM4
Q9UK45	LSM7
P62945	RPL41
P62913	RPL11
O75643	SNRNP200
Q15029	EFTUD2
Q9NYQ3	HAO2
Q9HC52	CBX8
P82663	MRPS25
P24821	TNC
P83731	RPL24
Q8WVM7	STAG1
Q14683	SMC1A
O95352	ATG7
Q9NT62	ATG3
Q16763	UBE2S
Q9NR50	EIF2B3
Q13144	EIF2B5
Q9BQC6	MRPL57
Q02543	RPL18A
Q6P161	MRPL54
Q9NPF5	DMAP1
P35241	RDX
Q9UL63	MKLN1
Q9NWU2	GID8
Q9NWT8	AURKAIP1
Q96CS2	HAUS1
Q68CZ6	HAUS3
P46777	RPL5
A5PLN9	TRAPPC13
P06396	GSN
Q8NEV4	MYO3A
Q6I9Y2	THOC7
Q96FV9	THOC1
Q14690	PDCD11
P42766	RPL35
P62906	RPL10A
Q9P2Y5	UVRAG
Q99570	PIK3R4
P62273	RPS29
Q9UGJ1	TUBGCP4
Q6P582	MZT2A
P68371	TUBB4B
O00330	PDHX
O14802	POLR3A
Q9P2E2	KIF17
P09923	ALPI
Q9H490	PIGU
O00189	AP4M1
O43683	BUB1
P56192	MARS1
Q03188	CENPC
Q9BU64	CENPO
P49368	CCT3
Q9P0J0	NDUFA13
O00555	CACNA1A
Q9Y698	CACNG2
P62917	RPL8
O75553	DAB1
Q12904	AIMP1
Q8N2Z9	CENPS
Q92674	CENPI
A0JLT2	MED19
P46019	PHKA2
Q8N0S6	CENPL
O15553	MEFV
O14578	CIT
P32969	RPL9
P32969	RPL9P7
P32969	RPL9P8
P32969	RPL9P9
O43819	SCO2
Q9P0S2	COX16
P17661	DES
O43676	NDUFB3
P21589	NT5E
P35612	ADD2
Q13601	KRR1
Q71F23	CENPU
O75691	UTP20
Q9H9A5	CNOT10
P07307	ASGR2
P07306	ASGR1
Q9GZM8	NDEL1
Q9Y5N6	ORC6
Q9NRG9	AAAS
Q9UKX7	NUP50
Q8IV77	CNGA4
Q14028	CNGB1
Q8TED0	UTP15
Q15061	WDR43
Q9GZX5	ZNF350
P29536	LMOD1
O75818	RPP40
P78345	RPP38
Q9UPT9	USP22
P63220	RPS21
Q4U2R6	MRPL51
Q6IBS0	TWF2
Q8WXR4	MYO3B
Q8NI77	KIF18A
Q96T88	UHRF1
Q6W0C5	DPPA3
Q9Y2Y1	POLR3K
Q8N684	CPSF7
P28331	NDUFS1
P82673	MRPS35
Q9UKN5	PRDM4
O75964	ATP5MG
Q12926	ELAVL2
Q9NW64	RBM22
Q13435	SF3B2
Q86TB9	PATL1
P62310	LSM3
P82909	KGD4
Q8IXK0	PHC2
Q3SXY8	ARL13B
Q9NVU0	POLR3E
P05423	POLR3D
O43674	NDUFB5
P02679	FGG
Q15070	OXA1L
P40429	RPL13A
O94927	HAUS5
Q9P086	MED11
Q02878	RPL6
Q96L91	EP400
Q7Z392	TRAPPC11
P48553	TRAPPC10
Q8NEY8	PPHLN1
P61201	COPS2
Q86U86	PBRM1
Q7Z4H7	HAUS6
P46020	PHKA1
O94788	ALDH1A2
Q7RTV2	GSTA5
Q14865	ARID5B
O75151	PHF2
Q8TC59	PIWIL2
Q9BXT6	MOV10L1
P12270	TPR
O00401	WASL
O00170	AIP
Q92979	EMG1
Q96E14	RMI2
Q9H9A7	RMI1
Q13561	DCTN2
O95168	NDUFB4
Q9NQZ2	UTP3
P17600	SYN1
P09669	COX6C
Q9BT25	HAUS8
Q9BSH3	NICN1
Q9P2X0	DPM3
O60762	DPM1
P15391	CD19
P49207	RPL34
P20132	SDS
Q9P2W7	B3GAT1
Q9NX70	MED29
P36954	POLR2I
P30876	POLR2B
P78316	NOP14
O96000	NDUFB10
P52597	HNRNPF
P41223	BUD31
Q9Y5R8	TRAPPC1
P48506	GCLC
P48507	GCLM
P36551	CPOX
Q9P013	CWC15
P04279	SEMG1
O95925	EPPIN
Q9NWA0	MED9
P9WQJ7	irtB
P9WL31	Rv2895c
P62424	RPL7A
Q07020	RPL18
P46779	RPL28
Q96B26	EXOSC8
P00488	F13A1
P05160	F13B
Q9BT88	SYT11
P53621	COPA
P35606	COPB2
Q7L2Z9	CENPQ
Q13352	ITGB3BP
Q9NY47	CACNA2D2
Q8WYA6	CTNNBL1
Q9Y3U8	RPL36
Q8WZ55	BSND
P51801	CLCNKB
Q9BQB6	VKORC1
P08708	RPS17
O14893	GEMIN2
O95684	CEP43
O75822	EIF3J
Q13347	EIF3I
O15514	POLR2D
P24928	POLR2A
Q12929	EPS8
Q9P202	WHRN
P51878	CASP5
P07738	BPGM
Q9HBM6	TAF9B
Q9HC10	OTOF
P63173	RPL38
Q96E29	MTERF3
Q6NZ67	MZT2B
Q9Y6M9	NDUFB9
Q9GZS3	SKIC8
Q9BWD1	ACAT2
P78352	DLG4
P13671	C6
P10643	C7
P55795	HNRNPH2
Q96NB3	ZNF830
P08195	SLC3A2
Q9NS82	SLC7A10
P62873	GNB1
Q9P2W3	GNG13
O60522	TDRD6
Q96J94	PIWIL1
Q8NER5	ACVR1C
Q13151	HNRNPA0
O43390	HNRNPR
P30050	RPL12
Q9BW27	NUP85
P26439	HSD3B2
Q8N4N8	KIF2B
P49450	CENPA
Q71F56	MED13L
O94817	ATG12
Q9H1Y0	ATG5
P49773	HINT1
O00422	SAP18
Q99714	HSD17B10
O15091	PRORP
Q96CM3	RPUSD4
O15146	MUSK
Q13488	TCIRG1
Q99437	ATP6V0B
O43913	ORC5
O43929	ORC4
Q15797	SMAD1
Q9BVC4	MLST8
P42345	MTOR
Q86WW8	COA5
Q9H165	BCL11A
Q9UG56	PISD
Q9UK61	TASOR
P14598	NCF1
Q9HBY0	NOX3
O15145	ARPC3
P59998	ARPC4
Q12792	TWF1
Q14651	PLS1
Q92890	UFD1
Q9Y3I0	RTCB
Q52LJ0	FAM98B
Q06587	RING1
Q8NDX5	PHC3
P13804	ETFA
Q92800	EZH1
O00746	NME4
Q13042	CDC16
Q96EX3	DYNC2I2
P00505	GOT2
Q9P0U1	TOMM7
P04406	GAPDH
Q7Z7C8	TAF8
Q3LXA3	TKFC
Q5T1C6	THEM4
Q6UXI9	NPNT
P53708	ITGA8
Q9H583	HEATR1
P07360	C8G
P07358	C8B
Q9P015	MRPL15
P50225	SULT1A1
O15066	KIF3B
Q6PI98	INO80C
Q7RTX0	TAS1R3
Q8TE23	TAS1R2
Q15691	MAPRE1
O75947	ATP5PD
P56378	ATP5MJ
Q12962	TAF10
P62750	RPL23A
P14415	ATP1B2
P54709	ATP1B3
Q96DU3	SLAMF6
O60504	SORBS3
P18084	ITGB5
Q5VTR2	RNF20
O75150	RNF40
Q9BWP8	COLEC11
P9WGN5	secG
P24539	ATP5PB
Q9Y333	LSM2
P0AAG0	dppD
P37313	dppF
Q8IZY2	ABCA7
O43677	NDUFC1
P55268	LAMB2
O15230	LAMA5
Q9HA47	UCK1
O15371	EIF3D
Q15843	NEDD8
Q15544	TAF11
Q92750	TAF4B
Q16718	NDUFA5
Q8WZ42	TTN
O96008	TOMM40
P05106	ITGB3
P08514	ITGA2B
P0C1Z6	TFPT
Q9H981	ACTR8
Q86VN1	VPS36
Q9NXR8	ING3
Q8NHZ8	CDC26
Q9UJA5	TRMT6
P17568	NDUFB7
Q92985	IRF7
P05166	PCCB
P05165	PCCA
Q13618	CUL3
Q53G59	KLHL12
Q9H0H0	INTS2
Q9NVR2	INTS10
O00300	TNFRSF11B
P06756	ITGAV
A6NFK2	GRXCR2
P04271	S100B
P9WGY5	rpoZ
P9WGY7	rpoC
Q6SW85	UL47
Q00975	CACNA1B
Q9H204	MED28
P54750	PDE1A
Q8TCX1	DYNC2LI1
Q9NXB0	MKS1
Q8N157	AHI1
Q9H9E3	COG4
Q9UP83	COG5
P06132	UROD
Q9NPD3	EXOSC4
Q06265	EXOSC9
P53680	AP2S1
Q96CW1	AP2M1
P18621	RPL17
P60842	EIF4A1
Q14240	EIF4A2
P05090	APOD
Q9UL33	TRAPPC2L
Q86SZ2	TRAPPC6B
Q6P1X5	TAF2
P31943	HNRNPH1
Q96H22	CENPN
Q9BRX9	WDR83
Q96T76	MMS19
Q9Y3D0	CIAO2B
Q15906	VPS72
Q9Y6V0	PCLO
Q9UPA5	BSN
Q9H0S4	DDX47
P49755	TMED10
Q15363	TMED2
P62072	TIMM10
Q9Y291	MRPS33
Q93077	H2AC6
O75880	SCO1
P49454	CENPF
Q96EA4	SPDL1
Q86XP3	DDX42
Q9BWJ5	SF3B5
Q9NVH2	INTS7
Q5TA45	INTS11
Q9UHI6	DDX20
P14923	JUP
Q16772	GSTA3
Q8N1F7	NUP93
P46926	GNPDA1
Q9Y3D7	PAM16
Q16637	SMN1
Q16637	SMN2
Q8TEQ6	GEMIN5
Q96JC1	VPS39
Q9H269	VPS16
Q13751	LAMB3
Q13753	LAMC2
Q8N3U4	STAG2
P42574	CASP3
Q9HAW0	BRF2
P14868	DARS1
Q9NTJ3	SMC4
O15164	TRIM24
Q13002	GRIK2
O95563	MPC2
P0DKB6	MPC1L
P83436	COG7
P17181	IFNAR1
P23677	ITPKA
Q96S42	NODAL
O60266	ADCY3
Q9UJX5	ANAPC4
O14827	RASGRF2
A0AVI4	TMEM129
P25874	UCP1
Q8NFH3	NUP43
Q92600	CNOT9
Q8TDY2	RB1CC1
O75143	ATG13
P28066	PSMA5
O00743	PPP6C
Q5H9R7	PPP6R3
Q9Y6J9	TAF6L
O43818	RRP9
P22087	FBL
Q7Z3Z4	PIWIL4
Q93063	EXT2
Q16394	EXT1
P55160	NCKAP1L
O95707	POP4
Q02985	CFHR3
P18075	BMP7
Q99598	TSNAX
Q86WC4	OSTM1
P51798	CLCN7
Q9UJX2	CDC23
Q86Y39	NDUFA11
O75438	NDUFB1
Q96BT3	CENPT
Q9NX20	MRPL16
P61586	RHOA
Q9NSU2	TREX1
Q9UKV5	AMFR
P26196	DDX6
Q8IZD4	DCP1B
Q9NZN8	CNOT2
Q9UIV1	CNOT7
Q9Y2R5	MRPS17
Q8NFA2	NOXO1
Q9Y5S8	NOX1
O75943	RAD17
Q8WTW3	COG1
Q9Y2V7	COG6
P82932	MRPS6
Q14103	HNRNPD
Q02224	CENPE
Q9Y3B3	TMED7
P35226	BMI1
P56199	ITGA1
Q9Y2A7	NCKAP1
Q7L576	CYFIP1
Q9Y3A2	UTP11
O15372	EIF3H
P19438	TNFRSF1A
Q06643	LTB
Q14849	STARD3
O95772	STARD3NL
Q99572	P2RX7
P04085	PDGFA
P35913	PDE6B
O75175	CNOT3
Q8TD16	BICD2
Q9NWZ8	GEMIN8
Q9NUN5	LMBRD1
O14678	ABCD4
Q99575	POP1
Q6IPU0	CENPP
P22626	HNRNPA2B1
Q14145	KEAP1
Q6YP21	KYAT3
Q9HAJ7	SAP30L
Q4LE39	ARID4B
A4UGR9	XIRP2
Q13813	SPTAN1
Q9Y2M0	FAN1
P0AG96	secE
P0AG99	secG
Q9BX66	SORBS1
Q8N8D1	PDCD7
Q9H9F9	ACTR5
Q9ULG1	INO80
Q8WW22	DNAJA4
P49770	EIF2B2
Q12918	KLRB1
Q9HAF1	MEAF6
Q8WUM0	NUP133
P32119	PRDX2
O75934	BCAS2
P54284	CACNB3
Q969N2	PIGT
Q9H1I8	ASCC2
Q15650	TRIP4
Q9GZL7	WDR12
O00541	PES1
Q9UK05	GDF2
Q7Z5G4	GOLGA7
Q9Y397	ZDHHC9
Q9NR97	TLR8
P78406	RAE1
P50990	CCT8
Q9NY25	CLEC5A
O60683	PEX10
P28328	PEX2
P35637	FUS
Q147X3	NAA30
Q5VZE5	NAA35
Q75QN2	INTS8
Q96SY0	INTS14
Q8N4H5	TOMM5
Q9NS69	TOMM22
P21108	PRPS1L1
P57740	NUP107
Q02338	BDH1
Q96BP2	CHCHD1
O95619	YEATS4
Q92558	WASF1
Q96JB2	COG3
A6NI15	MSGN1
Q9BYE0	HES7
Q8N9N2	ASCC1
Q8N3C0	ASCC3
P56159	GFRA1
P57054	PIGP
Q14442	PIGH
O14521	SDHD
Q99643	SDHC
P61601	NCALD
Q14152	EIF3A
P82675	MRPS5
Q15526	SURF1
Q96I36	COX14
Q8WY64	MYLIP
P10619	CTSA
Q92804	TAF15
Q86T82	USP37
Q9BXT4	TDRD1
Q8WWH4	ASZ1
P20851	C4BPB
Q9H6S3	EPS8L2
O43488	AKR7A2
Q9NXG2	THUMPD1
Q9H0A0	NAT10
Q96I51	RCC1L
P14324	FDPS
Q969M2	GJA10
P30279	CCND2
Q92759	GTF2H4
O15504	NUP42
Q9NVM9	INTS13
O95178	NDUFB2
Q92797	SYMPK
Q7L0Y3	TRMT10C
P05113	IL5
Q9NZ42	PSENEN
Q92542	NCSTN
Q9BYM8	RBCK1
Q96EP0	RNF31
P0DTC8	8
B1AK53	ESPN
Q04756	HGFAC
P03468	NA
Q9UNS2	COPS3
F5HA93	TRX1
F5HIN9	TRX2
Q9Y5Q9	GTF3C3
Q9UKN8	GTF3C4
P03928	MT-ATP8
P61244	MAX
Q99735	MGST2
O00303	EIF3F
Q8N4Q1	CHCHD4
P55789	GFER
O95169	NDUFB8
O43678	NDUFA2
Q8NDV3	SMC1B
P15976	GATA1
Q8IX07	ZFPM1
Q6NUQ1	RINT1
A2RRP1	NBAS
Q1HG44	DUOXA2
O95749	GGPS1
Q9NP84	TNFRSF12A
Q2F514	X
O75821	EIF3G
P15311	EZR
Q12980	NPRL3
Q8WTW4	NPRL2
Q8NCE0	TSEN2
Q8WW01	TSEN15
P25705	ATP5F1A
P78357	CNTNAP1
Q99627	COPS8
Q9H267	VPS33B
Q9H270	VPS11
Q8WYP5	AHCTF1
Q9BRA0	NAA38
Q9Y2L5	TRAPPC8
P0DI81	TRAPPC2
Q15365	PCBP1
P16233	PNLIP
P04118	CLPS
O95466	FMNL1
Q9Y2C9	TLR6
Q13630	GFUS
P48643	CCT5
P56385	ATP5ME
P56134	ATP5MF
P56545	CTBP2
P35869	AHR
Q9NSP4	CENPM
Q9UN88	GABRQ
Q6ZMR3	LDHAL6A
Q9P253	VPS18
P29401	TKT
Q587J7	TDRD12
A8MT69	CENPX
P08247	SYP
P31946	YWHAB
Q92496	CFHR4
Q00266	MAT1A
O43617	TRAPPC3
Q9BPZ7	MAPKAP1
O43741	PRKAB2
Q68E01	INTS3
Q6GPI1	CTRB2
Q9H7L9	SUDS3
O75787	ATP6AP2
P00797	REN
Q8NDX2	SLC17A8
Q00013	MPP1
P53582	METAP1
Q8N2Q7	NLGN1
Q6SW67	gH
F5HGP1	UL74
Q9H0E3	SAP130
Q9BVI0	PHF20
F5HGI9	TRM2
F5HCU8	TRM3
Q7Z4W1	DCXR
Q16832	DDR2
Q99623	PHB2
P35232	PHB1
Q96RT1	ERBIN
P19878	NCF2
P43489	TNFRSF4
Q9BSV6	TSEN34
Q8IWA0	WDR75
P02747	C1QC
P49747	COMP
Q969R8	ITFG2
Q5T011	SZT2
Q15427	SF3B4
A0FGR9	ESYT3
Q9BSJ8	ESYT1
Q13043	STK4
Q16280	CNGA2
P09132	SRP19
Q8IWT0	ZBTB8OS
Q6MZP7	LIN54
P77774	bamB
Q9H410	DSN1
O43315	AQP9
Q96AX1	VPS33A
P49895	DIO1
P20702	ITGAX
P05107	ITGB2
Q9H3R5	CENPH
O00623	PEX12
O15144	ARPC2
Q92747	ARPC1A
Q52LA3	LIN52
Q6P2Q9	PRPF8
O75093	SLIT1
P20711	DDC
Q9BT78	COPS4
O43447	PPIH
O43395	PRPF3
P32970	CD70
Q92541	RTF1
P15030	fecC
P15031	fecE
P05937	CALB1
O60879	DIAPH2
Q16552	IL17A
Q96PD4	IL17F
Q08AG7	MZT1
Q96RT8	TUBGCP5
P54136	RARS1
O43324	EEF1E1
Q5VWG9	TAF3
Q16602	CALCRL
O60896	RAMP3
P07919	UQCRH
P0AES6	gyrB
Q6P087	RPUSD3
Q9UI30	TRMT112
Q7Z4G4	TRMT11
P00966	ASS1
Q14376	GALE
Q96I25	RBM17
Q8IWX8	CHERP
P39172	znuA
Q96PY5	FMNL2
P07438	MT1B
P9WQJ9	irtA
Q96HW7	INTS4
Q15393	SF3B3
Q96L34	MARK4
Q9NPD8	UBE2T
Q8N201	INTS1
Q6P9B9	INTS5
Q13889	GTF2H3
P18074	ERCC2
Q6P4R8	NFRKB
O60825	PFKFB2
P20849	COL9A1
Q14055	COL9A2
Q04760	GLO1
Q9UHX1	PUF60
Q86SG5	S100A7A
Q9UPM9	B9D1
Q3MUY2	PIGY
Q96JA3	PLEKHA8
P15104	GLUL
P62826	RAN
P49754	VPS41
Q9Y259	CHKB
Q6PID8	KLHDC10
Q8IUX1	TMEM126B
O00206	TLR4
Q9Y6Y9	LY96
Q1RAG3	UTI89_C2180
Q1RAG2	ybtP
Q9UJX4	ANAPC5
Q96K76	USP47
Q99708	RBBP8
P49458	SRP9
P37108	SRP14
P63151	PPP2R2A
Q9UL03	INTS6
P11586	MTHFD1
P05155	SERPING1
Q13415	ORC1
Q8N4T8	CBR4
Q96BN2	TADA1
Q9UI32	GLS2
Q15018	ABRAXAS2
Q8IVV7	GID4
Q8IUR7	ARMC8
P24043	LAMA2
Q8TBX8	PIP4K2C
P78356	PIP4K2B
Q13520	AQP6
O43264	ZW10
Q9H900	ZWILCH
Q5EE01	CENPW
Q99650	OSMR
O75460	ERN1
P07359	GP1BA
Q9H6R7	WDCP
P49585	PCYT1A
P02930	tolC
P82251	SLC7A9
Q07837	SLC3A1
P9WGP1	secD
P24864	CCNE1
Q99259	GAD1
Q05329	GAD2
O14926	FSCN2
Q6ZVH7	ESPNL
P18206	VCL
Q9UPY5	SLC7A11
Q9NQI0	DDX4
P46108	CRK
Q14185	DOCK1
Q9NY27	PPP4R2
P60510	PPP4C
Q9BUE6	ISCA1
Q86U28	ISCA2
Q7Z7K0	CMC1
Q9Y2R0	COA3
P43897	TSFM
P0C0L4	C4A
J7QAC9	yhjR
P0DP92	bcsQ
Q13617	CUL2
Q8NHP1	AKR7L
Q8NCW5	NAXE
Q8N5Y2	MSL3
P08476	INHBA
Q9HCU8	POLD4
Q15054	POLD3
O00268	TAF4
P15927	RPA2
Q13156	RPA4
Q9UBJ2	ABCD2
P28288	ABCD3
Q9BS16	CENPK
Q12836	ZP4
P21754	ZP3
P04844	RPN2
P39656	DDOST
Q9BVP2	GNL3
P33151	CDH5
Q9BS18	ANAPC13
Q8NCD3	HJURP
Q96QU1	PCDH15
Q06203	PPAT
P41252	IARS1
Q8WUA4	GTF3C2
Q9Y5Q8	GTF3C5
Q9H0W5	CCDC8
Q96B97	SH3KBP1
P46976	GYG1
P05164	MPO
P35251	RFC1
O75486	SUPT3H
Q969M7	UBE2F
P04733	MT1F
P35749	MYH11
Q13216	ERCC8
Q9NVX0	HAUS2
Q9H6D7	HAUS4
Q5HYA8	TMEM67
Q9NV88	INTS9
Q53TQ3	INO80D
P23141	CES1
Q99848	EBNA1BP2
Q9NZJ6	COQ3
Q5HYK3	COQ5
O75506	HSBP1
Q96MF7	NSMCE2
Q8IY18	SMC5
Q9HCE5	METTL14
Q86U44	METTL3
P9WGY9	rpoB
O43172	PRPF4
Q96F25	ALG14
Q9NP73	ALG13
Q9Y6A9	SPCS1
P67812	SEC11A
P59637	E
Q13227	GPS2
P50213	IDH3A
Q9Y4H2	IRS2
P37636	mdtE
P37637	mdtF
Q9NP59	SLC40A1
P00450	CP
Q96GY3	LIN37
Q92569	PIK3R3
P32297	CHRNA3
Q16533	SNAPC1
Q5SXM2	SNAPC4
Q9UQE7	SMC3
Q7L4E1	MIGA2
Q5T2R2	PDSS1
Q9NUT2	ABCB8
Q9NZQ8	TRPM5
O43895	XPNPEP2
Q09428	ABCC8
A8MXD5	GRXCR1
Q96CB8	INTS12
Q86X10	RALGAPB
Q2PPJ7	RALGAPA2
Q8N488	RYBP
Q6SW43	gM
F5HHQ0	gN
Q92506	HSD17B8
E3PJ86	gspD2
E3PJ88	gspS2
O00154	ACOT7
Q13155	AIMP2
Q14493	SLBP
P03420	F
Q99759	MAP3K3
P12838	DEFA4
P9WFZ7	oppB
Q99871	HAUS7
Q6ZNE5	ATG14
P48775	TDO2
P67775	PPP2CA
P60174	TPI1
P0AE06	acrA
P24177	acrD
O76031	CLPX
Q16740	CLPP
P40126	DCT
O94864	SUPT7L
Q14746	COG2
Q9NS00	C1GALT1
O95167	NDUFA3
P46977	STT3A
P0C6T2	OST4
Q5TKA1	LIN9
P45844	ABCG1
Q8N4E7	FTMT
P50226	SULT1A2
P42229	STAT5A
Q8IWT6	LRRC8A
Q6NSJ5	LRRC8E
Q9H0Y0	ATG10
P46940	IQGAP1
Q9NXC5	MIOS
Q7Z7A3	CTU1
P23229	ITGA6
Q6SW55	UL87
Q9HD67	MYO10
P20701	ITGAL
P09234	SNRPC
P09012	SNRPA
P42704	LRPPRC
Q9GZT3	SLIRP
Q8N335	GPD1L
P20929	NEB
P11532	DMD
O15212	PFDN6
O75381	PEX14
Q92968	PEX13
Q13098	GPS1
Q9GZP0	PDGFD
Q13976	PRKG1
Q96PD5	PGLYRP2
O95970	LGI1
Q8ND04	SMG8
Q9H0W8	SMG9
Q8IUZ0	LRRC49
Q6PGP7	SKIC3
Q9NPZ5	B3GAT2
P61803	DAD1
O60884	DNAJA2
Q9P0N5	TMEM216
Q16254	E2F4
P28749	RBL1
Q15543	TAF13
P9WGE9	sodC
O60895	RAMP2
Q5VVJ2	MYSM1
Q9NPB1	NT5M
Q9BQE4	SELENOS
P08069	IGF1R
O95429	BAG4
P51530	DNA2
Q13705	ACVR2B
Q8XAS6	efeO
Q8XAS8	efeU
A4GXA9	EME2
Q96NY9	MUS81
Q6PKC3	TXNDC11
Q9NPB6	PARD6A
Q96DA6	DNAJC19
Q8IUC6	TICAM1
Q96MW5	COG8
Q8N5Z0	AADAT
Q9Y4Y9	LSM5
P62312	LSM6
P00491	PNP
Q9BZD4	NUF2
Q8NBT2	SPC24
Q7L1W4	LRRC8D
Q14573	ITPR3
P00750	PLAT
Q9UGB7	MIOX
Q8N5G0	SMIM20
Q9BYC2	OXCT2
P18859	ATP5PF
P09496	CLTA
Q00610	CLTC
P20645	M6PR
Q9UPT8	ZC3H4
Q15477	SKIC2
O95067	CCNB2
P23378	GLDC
P02776	PF4
P78364	PHC1
O95153	TSPOAP1
P61812	TGFB2
Q96LT9	RNPC3
Q9UDW3	ZMAT5
P04626	ERBB2
Q01650	SLC7A5
Q9NYJ8	TAB2
Q9BSJ2	TUBGCP2
P9WGZ1	rpoA
Q9UNX4	WDR3
Q15269	PWP2
O75477	ERLIN1
O94905	ERLIN2
Q9UJZ1	STOML2
Q9H300	PARL
Q13936	CACNA1C
P63010	AP2B1
Q8NEM7	SUPT20H
Q9UHP3	USP25
Q92536	SLC7A6
Q9NR77	PXMP2
Q16853	AOC3
Q13349	ITGAD
Q99766	DMAC2L
Q13888	GTF2H2
Q8NEB9	PIK3C3
Q8WVS4	DYNC2I1
Q96CN9	GCC1
P51170	SCNN1G
P51168	SCNN1B
Q9UM13	ANAPC10
Q9Y2F5	ICE1
Q8N5P1	ZC3H8
Q9P1Q0	VPS54
Q01433	AMPD2
Q9Y4F9	RIPOR2
P00325	ADH1B
O14503	BHLHE40
F5HCH8	gL
Q13683	ITGA7
P68106	FKBP1B
Q86UW1	SLC51A
Q86UW2	SLC51B
Q96LB8	PGLYRP4
P29973	CNGA1
P02787	TF
Q9BZX2	UCK2
Q9Y5K1	SPO11
Q9Y3B4	SF3B6
P40926	MDH2
Q6IQ55	TTBK2
P29017	CD1C
P00387	CYB5R3
P07942	LAMB1
Q8IUR0	TRAPPC5
Q16831	UPP1
Q9UJ98	STAG3
Q9HCC0	MCCC2
Q96IV0	NGLY1
Q2M2I8	AAK1
Q5EBL8	PDZD11
Q9Y289	SLC5A6
Q96GA7	SDSL
P30793	GCH1
P54289	CACNA2D1
O14793	MSTN
P49763	PGF
P0AEG1	dppC
O75907	DGAT1
P16422	EPCAM
O75446	SAP30
Q9Y223	GNE
Q9UKN7	MYO15A
Q03591	CFHR1
O15392	BIRC5
O75351	VPS4B
P52732	KIF11
P47756	CAPZB
P47755	CAPZA2
Q8TD19	NEK9
Q13439	GOLGA4
P51452	DUSP3
Q8IV63	VRK3
P09668	CTSH
Q8N441	FGFRL1
Q8NFJ8	BHLHE22
Q9UNL2	SSR3
O95347	SMC2
Q96AY2	EME1
O14511	NRG2
Q9Y5Y2	NUBP2
P11047	LAMC1
Q12772	SREBF2
P27708	CAD
P78508	KCNJ10
Q9BXD5	NPL
P55769	SNU13
Q9BRT2	UQCC2
O75886	STAM2
P55087	AQP4
Q16787	LAMA3
Q12874	SF3A3
Q15459	SF3A1
Q9Y5J9	TIMM8B
P51687	SUOX
P33681	CD80
Q9UKB1	FBXW11
Q8WV22	NSMCE1
Q96MG7	NSMCE3
Q9P0W2	HMG20B
Q96BD5	PHF21A
P08237	PFKM
P23219	PTGS1
Q9BPX3	NCAPG
P29374	ARID4A
Q92990	GLMN
P04843	RPN1
Q15629	TRAM1
O43157	PLXNB1
P49589	CARS1
Q9NYH9	UTP6
Q96FA3	PELI1
Q86UP0	CDH24
Q8IYB8	SUPV3L1
Q92731	ESR2
P38159	RBMX
Q9BXV9	GON7
Q01432	AMPD3
Q8NEL9	DDHD1
O94830	DDHD2
P18887	XRCC1
P49916	LIG3
Q8WVZ9	KBTBD7
P54098	POLG
P18669	PGAM1
Q9BQQ3	GORASP1
P09986	hlyD
P08716	hlyB
O75718	CRTAP
P23284	PPIB
O75762	TRPA1
P14867	GABRA1
P19883	FST
O75096	LRP4
P13612	ITGA4
P26010	ITGB7
Q07912	TNK2
Q8N8Y2	ATP6V0D2
P60468	SEC61B
P60059	SEC61G
O43915	VEGFD
Q7Z6M1	RABEPK
Q32P28	P3H1
Q6R327	RICTOR
Q6NZY4	ZCCHC8
P10323	ACR
O60760	HPGDS
Q66K46	KIF5B
Q06830	PRDX1
P09529	INHBB
P15813	CD1D
Q96BZ4	PLD4
A5YKK6	CNOT1
O95900	TRUB2
Q5RI15	COX20
Q53S58	TMEM177
Q9Y5K8	ATP6V1D
Q16864	ATP6V1F
P36941	LTBR
P23297	S100A1
Q8WUB8	PHF10
Q8WZA2	RAPGEF4
P02462	COL4A1
P08572	COL4A2
Q8NI36	WDR36
Q96DI7	SNRNP40
Q9Y6L7	TLL2
Q15113	PCOLCE
Q9BV90	SNRNP25
P37653	bcsA
P37652	bcsB
P11912	CD79A
P40259	CD79B
Q14697	GANAB
P14314	PRKCSH
P42695	NCAPD3
Q14654	KCNJ11
Q969F1	GTF3C6
Q12789	GTF3C1
P00480	OTC
O75891	ALDH1L1
P22392	NME2
P15531	NME1
P0DJM0	inlA
P50748	KNTC1
Q8TCJ2	STT3B
P16278	GLB1
Q99519	NEU1
P02788	LTF
P32320	CDA
P35244	RPA3
P51571	SSR4
P43308	SSR2
P32929	CTH
Q8N122	RPTOR
Q9UNF0	PACSIN2
Q96B49	TOMM6
P48167	GLRB
O95777	LSM8
A5X5Y0	HTR3E
P42261	GRIA1
P42262	GRIA2
P22413	ENPP1
P10070	GLI2
Q9UKL0	RCOR1
O14656	TOR1A
Q8IWT3	CUL9
P26927	MST1
Q00534	CDK6
Q9H307	PNN
Q8TD43	TRPM4
Q05901	CHRNB3
Q15822	CHRNA2
P42785	PRCP
Q9NPI9	KCNJ16
Q99712	KCNJ15
Q03468	ERCC6
Q15428	SF3A2
O15116	LSM1
O95983	MBD3
O94776	MTA2
Q6UXL0	IL20RB
Q9NYY1	IL20
Q96A54	ADIPOR1
Q9NZJ0	DTL
Q4KMQ1	TPRN
O96033	MOCS2
Q969H6	POP5
O75578	ITGA10
P19784	CSNK2A2
Q92966	SNAPC3
Q13487	SNAPC2
Q9UKK9	NUDT5
Q9BRD0	BUD13
Q9Y388	RBMX2
P19971	TYMP
O43451	MGAM
P83369	LSM11
Q96EK6	GNPNAT1
Q8WWW8	GAB3
P39880	CUX1
Q9HAB8	PPCS
P28702	RXRB
Q13133	NR1H3
Q05996	ZP2
Q12889	OVGP1
P54105	CLNS1A
P21580	TNFAIP3
Q86V24	ADIPOR2
Q8IXL6	FAM20C
Q96MK3	FAM20A
Q8N7H5	PAF1
P21953	BCKDHB
P30837	ALDH1B1
P53985	SLC16A1
Q53HL2	CDCA8
P56696	KCNQ4
P60033	CD81
O15181	cd21
Q99471	PFDN5
P32321	DCTD
Q96FW1	OTUB1
Q8TEB7	RNF128
P33240	CSTF2
Q92736	RYR2
O43292	GPAA1
Q7L014	DDX46
P36897	TGFBR1
Q96I15	SCLY
Q9Y512	SAMM50
P09884	POLA1
Q14181	POLA2
O15511	ARPC5
O15143	ARPC1B
O75094	SLIT3
P30566	ADSL
P35247	SFTPD
O95229	ZWINT
Q8NG31	KNL1
Q16877	PFKFB4
Q96AQ7	CIDEC
P85299	PRR5
Q96FF9	CDCA5
Q49B96	COX19
Q14050	COL9A3
O14579	COPE
Q07021	C1QBP
Q9NP79	VTA1
Q96LB9	PGLYRP3
A8MPY1	GABRR3
Q8WU90	ZC3H15
Q9Y295	DRG1
P11413	G6PD
P13640	MT1G
Q86W42	THOC6
O95072	REC8
Q8TCD5	NT5C
O75897	SULT1C4
Q9Y2J2	EPB41L3
Q03154	ACY1
P19387	POLR2C
P51787	KCNQ1
P22105	TNXB
Q16595	FXN
O14777	NDC80
Q9BV79	MECR
P01127	PDGFB
Q9Y275	TNFSF13B
P0A937	bamE
Q9UKV3	ACIN1
Q9Y3A0	COQ4
P01889	HLA-B
P18283	GPX2
Q8WXA8	HTR3C
Q9P0K1	ADAM22
Q9Y224	RTRAF
Q9H0F6	SHARPIN
O60925	PFDN1
Q96T54	KCNK17
Q9H2U2	PPA2
Q9UHN1	POLG2
Q15046	KARS1
Q3ZCQ8	TIMM50
Q969G2	LHX4
P10909	CLU
O75161	NPHP4
O15259	NPHP1
Q96B77	TMEM186
P03897	MT-ND3
P51114	FXR1
P48454	PPP3CC
P63098	PPP3R1
Q5JRA6	MIA3
Q14123	PDE1C
P42575	CASP2
P0CG30	GSTT2B
P09919	CSF3
Q86XJ0	CALHM3
P47895	ALDH1A3
Q01362	MS4A2
P12319	FCER1A
P09871	C1S
P00736	C1R
Q1HG43	DUOXA1
P22304	IDS
P04114	APOB
Q86XE5	HOGA1
Q12923	PTPN13
Q9HB19	PLEKHA2
O96007	MOCS2
Q96LT4	SAMD8
Q9Y624	F11R
P29084	GTF2E2
P29083	GTF2E1
P01023	A2M
Q9UMS0	NFU1
Q9UL51	HCN2
Q13423	NNT
Q9BSB4	ATG101
Q13467	FZD5
Q15542	TAF5
Q9UHC3	ASIC3
Q8NBQ7	AQP11
Q14954	KIR2DS1
Q5T0N5	FNBP1L
Q05682	CALD1
Q9H446	RWDD1
P55039	DRG2
P32322	PYCR1
P61165	TMEM258
Q9NPJ1	MKKS
O43307	ARHGEF9
P47869	GABRA2
Q9UGM1	CHRNA9
P15502	ELN
Q13126	MTAP
P13807	GYS1
P60891	PRPS1
Q9NQ90	ANO2
O15273	TCAP
Q9H0E7	USP44
Q9BVC5	C2orf49
P07384	CAPN1
Q13972	RASGRF1
Q9UGJ0	PRKAG2
P49848	TAF6
Q9BXJ7	AMN
Q9UQM7	CAMK2A
Q16515	ASIC2
P29400	COL4A5
P53420	COL4A4
Q9UHP7	CLEC2D
Q0ZLH3	PJVK
Q01082	SPTBN1
Q15399	TLR1
P19235	EPOR
Q14571	ITPR2
P14174	MIF
Q96KQ7	EHMT2
Q9H9B1	EHMT1
Q96RU3	FNBP1
O15350	TP73
P12268	IMPDH2
P40394	ADH7
P04181	OAT
Q9P2J9	PDP2
P29972	AQP1
Q14872	MTF1
O43708	GSTZ1
Q9H081	MIS12
P04183	TK1
Q9Y6N9	USH1C
P17858	PFKL
P04629	NTRK1
Q9UKF2	ADAM30
Q99965	ADAM2
Q93050	ATP6V0A1
P51800	CLCNKA
Q96EY8	MMAB
P63211	GNGT1
P27987	ITPKB
P27348	YWHAQ
Q9NP81	SARS2
Q08379	GOLGA2
Q15485	FCN2
P49767	VEGFC
P08579	SNRPB2
P77335	hlyE
P78417	GSTO1
Q15120	PDK3
O75971	SNAPC5
Q93100	PHKB
Q16816	PHKG1
P61011	SRP54
Q12791	KCNMA1
Q99576	TSC22D3
Q03181	PPARD
Q9NY37	ASIC5
Q93099	HGD
Q99062	CSF3R
Q86SK9	SCD5
A7E2V4	ZSWIM8
Q9HAQ2	KIF9
O00311	CDC7
Q9UBU7	DBF4
Q13510	ASAH1
Q9Y5B8	NME7
Q13438	OS9
P49257	LMAN1
P11766	ADH5
Q13576	IQGAP2
Q9UIB8	CD84
Q9NY61	AATF
P06732	CKM
Q13232	NME3
Q96NA2	RILP
P55884	EIF3B
Q96JE7	SEC16B
O15027	SEC16A
P45954	ACADSB
O60293	ZFC3H1
O00767	SCD
P50053	KHK
P11597	CETP
P9WPQ9	bfr
Q9NZZ3	CHMP5
Q9BQS7	HEPH
Q15080	NCF4
Q8IVT5	KSR1
P12694	BCKDHA
P40939	HADHA
P55084	HADHB
O60894	RAMP1
Q9NSD9	FARSB
Q9Y285	FARSA
P80365	HSD11B2
P51553	IDH3G
O43837	IDH3B
Q659A1	ICE2
P24046	GABRR1
P0AES4	gyrA
P11310	ACADM
P13765	HLA-DOB
P06340	HLA-DOA
P28340	POLD1
Q9HD40	SEPSECS
P16499	PDE6A
Q9UPV9	TRAK1
Q3ZCN5	OTOGL
P11215	ITGAM
Q9Y3A4	RRP7A
Q9H6R4	NOL6
P11441	UBL4A
Q7L5D6	GET4
P22792	CPN2
Q8WWI1	LMO7
P48444	ARCN1
P53618	COPB1
Q9HAN9	NMNAT1
P33176	KIF5B
F5HG51	UL70
Q9Y3T9	NOC2L
Q99653	CHP1
Q9HC35	EML4
P49771	FLT3LG
Q9UBS5	GABBR1
O75899	GABBR2
O60237	PPP1R12B
Q8XAS4	efeB
P48426	PIP4K2A
O77932	DXO
Q9C0B5	ZDHHC5
P04578	env
O60909	B4GALT2
Q4G0N4	NADK2
O95239	KIF4A
Q0VD83	APOBR
P55286	CDH8
Q6P2E9	EDC4
Q9Y6W8	ICOS
P13747	HLA-E
Q9NRH3	TUBG2
Q96CW5	TUBGCP3
P43681	CHRNA4
O43464	HTRA2
Q9BY11	PACSIN1
P49961	ENTPD1
P01008	SERPINC1
Q8TBG4	ETNPPL
Q9BVW5	TIPIN
Q9UNS1	TIMELESS
P55103	INHBC
Q16478	GRIK5
Q86UR1	NOXA1
Q9UNQ0	ABCG2
Q9Y5Q6	INSL5
P19440	GGT1
P36383	GJC1
Q6IEG0	SNRNP48
A6H8Y1	BDP1
Q9NR96	TLR9
P23919	DTYMK
O14520	AQP7
Q92546	RGP1
Q4ADV7	RIC1
Q9NR61	DLL4
Q9H4Y5	GSTO2
Q86VP1	TAX1BP1
P0A940	bamA
Q16099	GRIK4
P07822	fhuD
P06972	fhuB
Q3SY69	ALDH1L2
P0DMN0	SULT1A4
P00326	ADH1C
Q86X29	LSR
O00469	PLOD2
P05771	PRKCB
P20292	ALOX5AP
Q96G01	BICD1
O76071	CIAO1
Q8IVF7	FMNL3
Q9UBK5	HCST
P0ABU7	exbB
P02929	tonB
P15735	PHKG2
P15029	fecD
P15028	fecB
P37287	PIGA
Q9NS87	KIF15
Q8TDB8	SLC2A14
Q8IZW8	TNS4
P35520	CBS
Q9Y4I1	MYO5A
Q9Y5N5	HEMK2
P05198	EIF2S1
P41091	EIF2S3
Q8TBF4	ZCRB1
Q68CP9	ARID2
Q9NQ25	SLAMF7
Q8N697	SLC15A4
Q9HAI6	TASL
P9WGE7	sodB
Q8N1Q8	THEM5
P01374	LTA
Q8N302	AGGF1
Q75N03	CBLL1
Q9Y2I7	PIKFYVE
Q08AM6	VAC14
Q92844	TANK
Q9Y5J7	TIMM9
P07327	ADH1A
Q69YU5	UQCC6
Q96EU7	C1GALT1C1
P49005	POLD2
Q6XQN6	NAPRT
Q8N3E9	PLCD3
Q96G61	NUDT11
Q96EU6	RRP36
Q96FJ2	DYNLL2
P78563	ADARB1
P16066	NPR1
O14618	CCS
P49902	NT5C2
O60513	B4GALT4
Q8N2A8	PLD6
P30690	porB
Q9Y6Z7	COLEC10
P0AEF8	dppB
Q8IU99	CALHM1
Q8WWA0	ITLN1
Q15166	PON3
P9WIE3	ahpE
O14880	MGST3
O00305	CACNB4
Q8NI17	IL31RA
Q92734	TFG
P20333	TNFRSF1B
P15692	VEGFA
P04062	GBA1
P23877	fepG
P23876	fepD
O75436	VPS26A
Q9UBQ0	VPS29
P08319	ADH4
P51946	CCNH
Q6P9F7	LRRC8B
P50502	ST13
Q16654	PDK4
Q16630	CPSF6
Q8TEQ8	PIGO
Q07326	PIGF
Q8NFW9	MYRIP
P17812	CTPS1
Q9Y3C4	TPRKB
Q96IJ6	GMPPA
P25440	BRD2
P51617	IRAK1
P61956	SUMO2
Q9UBT2	UBA2
O43252	PAPSS1
P14410	SI
Q14919	DRAP1
Q92805	GOLGA1
Q6UWS5	PET117
P0DJ07	PET100
O00567	NOP56
Q8N9A8	CNEP1R1
O95476	CTDNEP1
P15260	IFNGR1
P60852	ZP1
Q15750	TAB1
Q13061	TRDN
Q12797	ASPH
P53396	ACLY
P14770	GP9
Q9UPU5	USP24
Q92466	DDB2
Q6PKD1	KIF5C
Q9UHV9	PFDN2
Q9NZ94	NLGN3
P52209	PGD
Q7RTX1	TAS1R1
Q8IUZ5	PHYKPL
P09619	PDGFRB
Q8TDX5	ACMSD
P15918	RAG1
P55895	RAG2
P42765	ACAA2
P01138	NGF
O75147	OBSL1
P17787	CHRNB2
Q9BXW6	OSBPL1A
Q8NI22	MCFD2
Q86U70	LDB1
Q14657	LAGE3
P21266	GSTM3
Q9GZY4	COA1
Q7KZF4	SND1
Q6PJI9	WDR59
O43747	AP1G1
Q10567	AP1B1
Q9Y219	JAG2
P49356	FNTB
P49354	FNTA
P51649	ALDH5A1
Q8WYH8	ING5
P51460	INSL3
Q16560	SNRNP35
Q13564	NAE1
Q9UHR5	SAP30BP
Q9UIF9	BAZ2A
Q9NYK1	TLR7
Q6ZTW0	TPGS1
Q15181	PPA1
Q96RQ3	MCCC1
Q9P126	CLEC1B
P48637	GSS
Q9H2M9	RAB3GAP2
Q15042	RAB3GAP1
P69905	HBA1
P69905	HBA2
P04439	HLA-A
P40197	GP5
Q13404	UBE2V1
O43933	PEX1
P16581	SELE
Q96SN7	ORAI2
O43766	LIAS
P04234	CD3D
P07766	CD3E
P07339	CTSD
P54274	TERF1
Q8TEW0	PARD3
Q05513	PRKCZ
P40925	MDH1
P13726	F3
Q9UKL4	GJD2
Q8IWL2	SFTPA1
O43557	TNFSF14
Q9HBL8	NMRAL1
Q9H7D7	WDR26
P37198	NUP62
Q7Z3B4	NUP54
O14526	FCHO1
P09104	ENO2
Q14807	KIF22
Q6P0N0	MIS18BP1
Q9NYP9	MIS18A
Q9UQ90	SPG7
Q8WWC4	MAIP1
Q9Y2X7	GIT1
O00217	NDUFS8
P07858	CTSB
Q15642	TRIP10
Q96G21	IMP4
O95393	BMP10
Q9Y617	PSAT1
Q92499	DDX1
Q9P1Z3	HCN3
A0FGR8	ESYT2
P18545	PDE6G
P05026	ATP1B1
P07821	fhuC
P05111	INHA
Q9BST9	RTKN
Q9HAP6	LIN7B
P30048	PRDX3
Q6ZUV0	ACOT7L
Q9UQP3	TNN
Q15102	PAFAH1B3
P36888	FLT3
P04075	ALDOA
P23381	WARS1
P38606	ATP6V1A
O60701	UGDH
O15382	BCAT2
Q86UP2	KTN1
Q9HC73	CRLF2
P07864	LDHC
P11216	PYGB
Q16531	DDB1
P55210	CASP7
Q99467	CD180
O95711	LY86
Q969V5	MUL1
Q8N3Y1	FBXW8
O75838	CIB2
Q8TAF8	LHFPL5
Q9NRY5	FAM114A2
Q2YD98	UVSSA
P05089	ARG1
Q96T66	NMNAT3
Q9UI08	EVL
P80511	S100A12
P30047	GCHFR
Q92667	AKAP1
P57103	SLC8A3
P10620	MGST1
P04150	NR3C1
Q92752	TNR
Q9Y6Y8	SEC23IP
P50336	PPOX
Q969L4	LSM10
Q06520	SULT2A1
Q9HCI7	MSL2
O15269	SPTLC1
O15270	SPTLC2
P09693	CD3G
Q13555	CAMK2G
P17174	GOT1
Q9UNL4	ING4
P11274	BCR
Q08345	DDR1
P15924	DSP
Q9NRF8	CTPS2
Q8TCS8	PNPT1
O60671	RAD1
O60921	HUS1
O43482	OIP5
P58743	SLC26A5
Q8N339	MT1M
Q9UDR5	AASS
Q9H293	IL25
Q70Z44	HTR3D
P61289	PSME3
Q86VI3	IQGAP3
Q9H172	ABCG4
P08621	SNRNP70
Q8NFP7	NUDT10
P78540	ARG2
O14974	PPP1R12A
O00602	FCN1
Q9H2S1	KCNN2
Q9H4A9	DPEP2
Q9NPJ3	ACOT13
P08263	GSTA1
Q9HBM1	SPC25
P36957	DLST
P03971	AMH
Q9BVK6	TMED9
P0C0L5	C4B
P0C0L5	C4B_2
Q9BV38	WDR18
P16144	ITGB4
P11166	SLC2A1
P80294	MT1H
P51948	MNAT1
O60343	TBC1D4
Q9UIQ6	LNPEP
P34897	SHMT2
Q13554	CAMK2B
Q92562	FIG4
Q9GZP9	DERL2
Q9GZZ6	CHRNA10
P0ABV2	exbD
Q96RR1	TWNK
Q15075	EEA1
Q8TBZ3	WDR20
Q96Q15	SMG1
Q7Z699	SPRED1
Q8N159	NAGS
O76074	PDE5A
P06731	CEACAM5
P00374	DHFR
P58166	INHBE
Q96F86	EDC3
O75390	CS
Q96RT7	TUBGCP6
Q96DE0	NUDT16
Q9Y5P6	GMPPB
P48736	PIK3CG
Q8WYR1	PIK3R5
Q01955	COL4A3
P9WN25	glbN
P9WHH1	trxB
Q8NHE4	ATP6V0E2
O15342	ATP6V0E1
O43615	TIMM44
Q9UEW3	MARCO
P02760	AMBP
O14649	KCNK3
Q13651	IL10RA
P28845	HSD11B1
P02774	GC
Q53FA7	TP53I3
P43631	KIR2DS2
Q8IY57	YAF2
Q6UB35	MTHFD1L
O75569	PRKRA
Q10588	BST1
P10966	CD8B
P01732	CD8A
Q8NB78	KDM1B
P09622	DLD
Q06278	AOX1
Q9H3S4	TPK1
Q96T91	GPHA2
Q86YW7	GPHB5
P49642	PRIM1
P49643	PRIM2
P35568	IRS1
P49189	ALDH9A1
P19447	ERCC3
Q7Z412	PEX26
Q58EX2	SDK2
Q9UPY3	DICER1
Q96Q42	ALS2
Q9P2T1	GMPR2
P26718	KLRK1
Q7L266	ASRGL1
O95163	ELP1
Q6IA86	ELP2
Q9BXR6	CFHR5
P10768	ESD
Q9Y2W7	KCNIP3
P80297	MT1X
O14684	PTGES
Q5KU26	COLEC12
P80404	ABAT
P00492	HPRT1
Q8TDQ7	GNPDA2
P09972	ALDOC
O60741	HCN1
P08842	STS
Q9Y2P8	RCL1
Q14692	BMS1
P05141	SLC25A5
P34913	EPHX2
O43815	STRN
O60500	NPHS1
Q9UBN6	TNFRSF10D
O14763	TNFRSF10B
Q9UBR4	LHX3
P30038	ALDH4A1
Q9BY32	ITPA
Q96SB8	SMC6
O75581	LRP6
P17301	ITGA2
Q9Y2Z4	YARS2
P19835	CEL
Q8WWR8	NEU4
Q2VIQ3	KIF4B
P31939	ATIC
Q9UJ41	RABGEF1
Q15276	RABEP1
O14788	TNFSF11
P09417	QDPR
P9WGU5	oppA
Q5H8A4	PIGG
Q15661	TPSAB1
Q96T55	KCNK16
P28161	GSTM2
Q01064	PDE1B
P49888	SULT1E1
P24298	GPT
P31153	MAT2A
Q14953	KIR2DS5
Q9P0M4	IL17C
O75146	HIP1R
O15427	SLC16A3
P09210	GSTA2
Q0JRZ9	FCHO2
Q9UPY8	MAPRE3
Q13188	STK3
P10321	HLA-C
Q92482	AQP3
P13224	GP1BB
Q969X6	UTP4
A8MYU2	KCNU1
P06280	GLA
Q8TAD8	SNIP1
O15084	ANKRD28
P13686	ACP5
O00411	POLRMT
P05981	HPN
Q16719	KYNU
Q12882	DPYD
Q9Y587	AP4S1
Q9Y6A1	POMT1
Q9UKY4	POMT2
Q6PI48	DARS2
P17735	TAT
O95813	CER1
O43704	SULT1B1
P50440	GATM
P22557	ALAS2
Q8N3Z6	ZCCHC7
Q495M9	USH1G
Q02297	NRG1
P07357	C8A
Q96FX2	DPH3
Q9BZG8	DPH1
P23895	emrE
Q86UV5	USP48
Q6IMI4	SULT6B1
O15151	MDM4
O14638	ENPP3
P22460	KCNA5
P14635	CCNB1
O95989	NUDT3
P51606	RENBP
P05186	ALPL
O60220	TIMM8A
Q9HCM3	KIAA1549
P51784	USP11
Q9P2W1	PSMC3IP
Q9BWT6	MND1
Q03013	GSTM4
P40189	IL6ST
P16930	FAH
Q96PP8	GBP5
P49366	DHPS
Q8NFZ4	NLGN2
P31224	acrB
P39086	GRIK1
P49810	PSEN2
P62942	FKBP1A
O43175	PHGDH
Q9NTM9	CUTC
Q5XG87	TENT4A
O14791	APOL1
P08151	GLI1
P41181	AQP2
Q16851	UGP2
P0AGA2	secY
Q9NR33	POLE4
P07988	SFTPB
A2VDF0	FUOM
P38570	ITGAE
Q9Y5X9	LIPG
Q8N0W4	NLGN4X
Q9BX79	STRA6
P02753	RBP4
Q9P0P8	MTRES1
Q9H3J6	MTRFR
Q9P0J1	PDP1
P62136	PPP1CA
Q99961	SH3GL1
O14841	OPLAH
P35914	HMGCL
Q02083	NAAA
O00338	SULT1C2
P10644	PRKAR1A
Q15119	PDK2
Q15118	PDK1
P21695	GPD1
P9WG35	tpx
P27539	GDF1
Q9ULV0	MYO5B
Q7L804	RAB11FIP2
P05062	ALDOB
P26440	IVD
P54577	YARS1
Q96CG3	TIFA
P63146	UBE2B
P13010	XRCC5
P12956	XRCC6
P37837	TALDO1
P54687	BCAT1
P11217	PYGM
P0DTC4	E
Q8IVH4	MMAA
O60512	B4GALT3
Q13526	PIN1
Q9HCU9	BRMS1
Q9H061	TMEM126A
P30301	MIP
O43251	RBFOX2
Q13948	CUX1
Q8NEV1	CSNK2A3
P30711	GSTT1
P19086	GNAZ
Q12770	SCAP
Q92743	HTRA1
Q04727	TLE4
Q9HD34	LYRM4
Q8IZF0	NALCN
Q9P2D8	UNC79
Q9UII4	HERC5
Q00973	B4GALNT1
O75140	DEPDC5
O75608	LYPLA1
P20783	NTF3
Q8NFW8	CMAS
Q9UHD0	IL19
O60942	RNGTT
P21802	FGFR2
P11908	PRPS2
Q16651	PRSS8
O43187	IRAK2
Q9Y3Q0	NAALAD2
P07195	LDHB
Q9BY49	PECR
Q5VV43	KIAA0319
P22607	FGFR3
Q15811	ITSN1
Q9BPX1	HSD17B14
O95633	FSTL3
Q86YH6	PDSS2
P14679	TYR
Q9BU89	DOHH
P55089	UCN
Q13324	CRHR2
Q6RW13	AGTRAP
Q9HBE5	IL21R
Q8WXF3	RLN3
O75027	ABCB7
P23511	NFYA
P25208	NFYB
A8MTJ3	GNAT3
P0DML2	CSH1
P36269	GGT5
Q96S15	WDR24
Q9Y2T3	GDA
O95180	CACNA1H
P62955	CACNG7
Q9H4L4	SENP3
P36021	SLC16A2
P31944	CASP14
Q16558	KCNMB1
Q96EE3	SEH1L
O00258	GET1
P49069	CAMLG
P27449	ATP6V0C
Q86XD5	FAM131B
Q9UKU7	ACAD8
Q14643	ITPR1
P0AEL3	feoA
P33650	feoB
P14061	HSD17B1
Q8WYK0	ACOT12
Q9UKT6	FBXL21P
Q9ULH1	ASAP1
P55157	MTTP
P36896	ACVR1B
Q86SS6	SYT9
P06737	PYGL
P00352	ALDH1A1
P53609	PGGT1B
Q96QK1	VPS35
P02730	SLC4A1
P13631	RARG
P48443	RXRG
Q96D31	ORAI1
P12277	CKB
Q15819	UBE2V2
A6NGU5	GGT3P
Q96NY8	NECTIN4
Q96RD6	PANX2
P57789	KCNK10
P08648	ITGA5
Q5XPI4	RNF123
O94966	USP19
Q05469	LIPE
Q8WTX7	CASTOR1
A6NHX0	CASTOR2
Q8N2C7	UNC80
P09848	LCT
Q14980	NUMA1
O43508	TNFSF12
P22234	PAICS
P27169	PON1
Q32MZ4	LRRFIP1
O75914	PAK3
O14925	TIMM23
P02741	CRP
Q9H4Z2	ZNF335
Q9ULM6	CNOT6
P36959	GMPR
P46439	GSTM5
Q9NPC2	KCNK9
P12532	CKMT1A
P12532	CKMT1B
Q9H5Q4	TFB2M
P25391	LAMA1
P17540	CKMT2
P23878	fepC
Q14749	GNMT
Q9Y5K3	PCYT1B
Q8WYQ5	DGCR8
Q9NRR4	DROSHA
Q9BYV1	AGXT2
Q15007	WTAP
P46109	CRKL
P11498	PC
Q9NR09	BIRC6
P28330	ACADL
Q13127	REST
P55854	SUMO3
Q9Y5U8	MPC1
P02708	CHRNA1
P15428	HPGD
P49768	PSEN1
Q58A45	PAN3
Q504Q3	PAN2
Q96EB1	ELP4
Q0PNE2	ELP6
P82094	TMF1
Q9NRF9	POLE3
A8K855	EFCAB7
Q6IPM2	IQCE
P55347	PKNOX1
Q9UBE0	SAE1
P26012	ITGB8
Q07011	TNFRSF9
P48735	IDH2
Q16773	KYAT1
Q9NQG7	HPS4
Q92902	HPS1
O14556	GAPDHS
P35354	PTGS2
Q8NEW7	TMIE
Q7Z418	KCNK18
P60660	MYL6
Q15631	TSN
Q9UBW5	BIN2
Q9H9S5	FKRP
P02786	TFRC
O95868	LY6G6D
P20290	BTF3
Q13765	NACA
P03421	P
Q02809	PLOD1
O94778	AQP8
P04003	C4BPA
Q9Y2S2	CRYL1
O60610	DIAPH1
Q92478	CLEC2B
O95069	KCNK2
P31937	HIBADH
O43506	ADAM20
Q9BY50	SEC11C
P01579	IFNG
Q92994	BRF1
P9WNE5	bfrB
Q13797	ITGA9
Q6ZS82	RGS9BP
O00180	KCNK1
P50579	METAP2
Q6ZQY3	GADL1
Q9UKS6	PACSIN3
P23510	TNFSF4
P19113	HDC
Q9NQG6	MIEF1
Q96EH3	MALSU1
Q9UJ14	GGT7
P35790	CHKA
Q8N3J6	CADM2
Q9NP58	ABCB6
Q96CB9	NSUN4
Q7Z6M4	MTERF4
P38484	IFNGR2
Q15413	RYR3
Q99447	PCYT2
Q9Y2Q3	GSTK1
Q6ZRI0	OTOG
Q9H1D9	POLR3F
Q9BUI4	POLR3C
P51164	ATP4B
P54707	ATP12A
Q9H2G9	BLZF1
Q9H8Y8	GORASP2
Q9HB15	KCNK12
O43765	SGTA
Q9H773	DCTPP1
Q9UHY1	NRBP1
P78348	ASIC1
P07741	APRT
Q9NXF1	TEX10
P29376	LTK
P04090	RLN2
Q9Y3Q3	TMED3
P59025	RTP1
P10826	RARB
Q14563	SEMA3A
Q9H974	QTRT2
Q9BXR0	QTRT1
Q9BW19	KIFC1
P48048	KCNJ1
Q13952	NFYC
Q9H9T3	ELP3
Q04725	TLE2
P19801	AOC1
P11177	PDHB
P49418	AMPH
O00499	BIN1
Q07866	KLC1
Q9Y483	MTF2
Q92833	JARID2
Q9UM01	SLC7A7
Q68CZ1	RPGRIP1L
Q9H6Q4	CIAO3
P67936	TPM4
P46379	BAG6
P06865	HEXA
P15289	ARSA
P04632	CAPNS1
Q01524	DEFA6
Q9NUV7	SPTLC3
Q6ZMT4	KDM7A
Q9NP78	ABCB9
Q04724	TLE1
O76064	RNF8
O60706	ABCC9
P23276	KEL
P51811	XK
Q01813	PFKP
P17655	CAPN2
Q15835	GRK1
P35243	RCVRN
O95154	AKR7A3
Q9H427	KCNK15
P51178	PLCD1
Q9NVS9	PNPO
Q09013	DMPK
Q9UBP6	METTL1
P57081	WDR4
Q9H9Q4	NHEJ1
O00291	HIP1
Q9UKJ8	ADAM21
P17535	JUND
P53539	FOSB
Q9Y3Q4	HCN4
Q8NFZ3	NLGN4Y
P05091	ALDH2
F5HB53	gB
Q9Y6N1	COX11
O60568	PLOD3
P28067	HLA-DMA
P28068	HLA-DMB
O14929	HAT1
Q5SW96	LDLRAP1
Q9BVS5	TRMT61B
P26717	KLRC2
P36980	CFHR2
O95832	CLDN1
O94925	GLS
O14874	BCKDK
P03952	KLKB1
Q9Y2U2	KCNK7
P03418	N
Q96HD9	ACY3
Q6KC79	NIPBL
Q9Y6X3	MAU2
P11182	DBT
Q03426	MVK
P57679	EVC
Q86UK5	EVC2
Q16873	LTC4S
Q15149	PLEC
A6NNW6	ENO4
P41212	ETV6
P49765	VEGFB
Q9Y6K8	AK5
P31947	SFN
Q13003	GRIK3
Q7Z698	SPRED2
Q96T23	RSF1
Q9NVK5	FGFR1OP2
Q9H295	DCSTAMP
O95264	HTR3B
P04066	FUCA1
Q9NRP0	OSTC
Q9BXI3	NT5C1A
A4D126	CRPPA
Q96RJ3	TNFRSF13C
Q7LGA3	HS2ST1
Q9UKT7	FBXL3
P24752	ACAT1
O95251	KAT7
Q16854	DGUOK
Q6ZMJ2	SCARA5
P55212	CASP6
O00764	PDXK
Q9NYG8	KCNK4
P59666	DEFA3
Q99835	SMO
Q04912	MST1R
P06126	CD1A
Q92813	DIO2
P16410	CTLA4
P42898	MTHFR
O60669	SLC16A7
Q6PCB8	EMB
Q9BRC7	PLCD4
Q9HCN6	GP6
Q03519	TAP2
Q03518	TAP1
O75317	USP12
P61073	CXCR4
P48061	CXCL12
P78330	PSPH
Q9BQC3	DPH2
P04233	CD74
Q8IXF9	AQP12A
P55064	AQP5
P35269	GTF2F1
P13984	GTF2F2
Q96KX2	CAPZA3
Q86UD5	SLC9B2
O75154	RAB11FIP3
Q15554	TERF2
Q15004	PCLAF
P34130	NTF4
Q99807	COQ7
O14492	SH2B2
P12643	BMP2
Q7Z5N4	SDK1
O75874	IDH1
Q9UP52	TFR2
P76397	mdtA
P76399	mdtC
P22830	FECH
O60763	USO1
Q53TN4	CYBRD1
Q7LG56	RRM2B
P25713	MT3
Q9NQ48	LZTFL1
P20648	ATP4A
P61457	PCBD1
Q96CD2	PPCDC
Q9H3D4	TP63
P26678	PLN
Q9NTN3	SLC35D1
O94923	GLCE
Q96C36	PYCR2
Q9NR28	DIABLO
P29016	CD1B
P22033	MMUT
P27707	DCK
P07996	THBS1
Q96PU8	QKI
Q86WG5	SBF2
Q9Y600	CSAD
P07203	GPX1
P04731	MT1A
O95279	KCNK5
Q16543	CDC37
P02751	FN1
Q8TBA6	GOLGA5
Q96HA1	POM121
Q9HB14	KCNK13
P41250	GARS1
Q14242	SELPLG
P07333	CSF1R
P07093	SERPINE2
P00439	PAH
P00739	HPR
O14657	TOR1B
Q16555	DPYSL2
Q53H12	AGK
O75955	FLOT1
Q14254	FLOT2
Q86YS7	C2CD5
Q53H96	PYCR3
P40967	PMEL
Q04837	SSBP1
Q9NSV4	DIAPH3
P20042	EIF2S2
P05129	PRKCG
P76398	mdtB
Q60I27	ALS2CL
Q6UUV9	CRTC1
P17693	HLA-G
Q6IA69	NADSYN1
Q92947	GCDH
Q16222	UAP1
Q92616	GCN1
Q9P2X3	IMPACT
Q8IWL1	SFTPA2
P9WIE5	katG
Q9Y6F6	IRAG1
P34896	SHMT1
Q8IWI9	MGA
Q92508	PIEZO1
Q9Y6Q6	TNFRSF11A
Q8IY92	SLX4
Q9BQ83	SLX1A
Q9BQ83	SLX1B
P55809	OXCT1
Q5UE93	PIK3R6
Q16836	HADH
Q9NS91	RAD18
P49591	SARS1
O75061	DNAJC6
P03951	F11
Q13007	IL24
Q8IWJ2	GCC2
P30536	TSPO
P42126	ECI1
P26639	TARS1
Q9UJ70	NAGK
Q9C0C6	CIPC
Q9NRK6	ABCB10
Q9HCJ0	TNRC6C
Q9HCE1	MOV10
P01591	JCHAIN
Q9UHI5	SLC7A8
Q9H171	ZBP1
Q02978	SLC25A11
Q9NZS2	KLRF1
P11172	UMPS
P07954	FH
P48740	MASP1
Q6WCQ1	MPRIP
Q8TDW0	LRRC8C
P07686	HEXB
P29965	CD40LG
P30273	FCER1G
Q9H0H5	RACGAP1
P16444	DPEP1
P17538	CTRB1
P28476	GABRR2
Q8NAN2	MIGA1
Q16698	DECR1
Q9ULH0	KIDINS220
P16118	PFKFB1
P10600	TGFB3
P04424	ASL
P00156	MT-CYB
P06702	S100A9
P05109	S100A8
Q04864	REL
P04818	TYMS
P20839	IMPDH1
P09172	DBH
P31151	S100A7
P68402	PAFAH1B2
Q9GZT4	SRR
P08243	ASNS
Q14943	KIR3DS1
P35270	SPR
P75831	macB
P75830	macA
P05156	CFI
P22352	GPX3
Q7Z6V5	ADAT2
Q96EY9	ADAT3
O00757	FBP2
Q96PS8	AQP10
Q6P531	GGT6
Q9P2K8	EIF2AK4
P18564	ITGB6
Q15165	PON2
P53602	MVD
P06213	INSR
P15169	CPN1
P31350	RRM2
P16219	ACADS
P25092	GUCY2C
P09488	GSTM1
Q9HD26	GOPC
Q9NQB0	TCF7L2
Q9NZJ9	NUDT4
P23921	RRM1
O43586	PSTPIP1
Q04917	YWHAH
P06744	GPI
O75223	GGCT
P30084	ECHS1
O00220	TNFRSF10A
Q8TE02	ELP5
P0A9X1	znuC
P39832	znuB
Q9HAU5	UPF2
Q9BR01	SULT4A1
P11226	MBL2
Q2MJR0	SPRED3
Q14117	DPYS
Q9HAT0	ROPN1
Q13825	AUH
O00763	ACACB
P13929	ENO3
O95954	FTCD
O00203	AP3B1
P21757	MSR1
O15217	GSTA4
Q6IQ16	SPOPL
P08236	GUSB
P05108	CYP11A1
P78317	RNF4
P14060	HSD3B1
O94766	B3GAT3
Q9H222	ABCG5
Q9H221	ABCG8
P02766	TTR
Q9Y257	KCNK6
P55073	DIO3
P51797	CLCN6
Q9UK41	VPS28
O95544	NADK
Q96KP4	CNDP2
Q8WYA1	BMAL2
Q8IVI9	NOSTRIN
O00399	DCTN6
Q9BXL7	CARD11
P04732	MT1E
P37657	bcsE
O00634	NTN3
P04275	VWF
P06753	TPM3
P0CG29	GSTT2
Q9HB21	PLEKHA1
Q8WU20	FRS2
Q8N9I0	SYT2
O95185	UNC5C
Q5VV42	CDKAL1
P15259	PGAM2
Q9ULZ3	PYCARD
Q03393	PTS
Q86SQ4	ADGRG6
Q16875	PFKFB3
Q04609	FOLH1
Q9Y3B8	REXO2
P21817	RYR1
P09467	FBP1
Q9Y535	POLR3H
O75575	CRCP
O14727	APAF1
Q86W92	PPFIBP1
Q9BXR5	TLR10
Q9H251	CDH23
Q8WXX7	AUTS2
Q86SE9	PCGF5
P35609	ACTN2
Q14789	GOLGB1
O95202	LETM1
P52907	CAPZA1
P41273	TNFSF9
Q8NBV8	SYT8
Q7Z2W4	ZC3HAV1
Q17R88	SORCS3
P03891	MT-ND2
Q13822	ENPP2
Q13535	ATR
Q8WXE1	ATRIP
O75417	POLQ
P69937	gdx
O75594	PGLYRP1
O95571	ETHE1
O75636	FCN3
Q8WWY3	PRPF31
Q13586	STIM1
Q9BUT1	BDH2
P0DOE7	M
Q8NGF3	OR51D1
P17066	HSPA6
Q8WZ94	OR5P3
P17900	GM2A
Q8NGS6	OR13C3
P34059	GALNS
P58180	OR4D2
Q9Y5Y4	PTGDR2
P23280	CA6
Q8WZA1	POMGNT1
Q9NYW4	TAS2R5
O43570	CA12
Q13636	RAB31
Q9H6Z9	EGLN3
Q9BZM1	PLA2G12A
Q02218	OGDH
Q9NPH2	ISYNA1
P46952	HAAO
P35218	CA5A
P09960	LTA4H
P01116	KRAS
P07451	CA3
O00754	MAN2B1
Q96P68	OXGR1
P28887	L
Q14344	GNA13
P51153	RAB13
P34931	HSPA1L
Q9NQZ7	ENTPD7
Q15077	P2RY6
Q9H6W3	RIOX1
Q13795	ARFRP1
P0C870	JMJD7
O95992	CH25H
O60841	EIF5B
Q9HAY6	BCO1
O15496	PLA2G10
Q96R54	OR14A2
P21731	TBXA2R
P17081	RHOQ
Q92730	RND1
P15848	ARSB
Q8IXI2	RHOT1
O00212	RHOD
Q9Y2D0	CA5B
Q7L523	RRAGA
P29218	IMPA1
P08397	HMBS
Q96RQ9	IL4I1
P35367	HRH1
Q9NWT6	HIF1AN
P0DMV9	HSPA1B
P21462	FPR1
Q8WWM9	CYGB
P33121	ACSL1
P07205	PGK2
Q5JT25	RAB41
Q9GZK7	OR11A1
O60906	SMPD2
Q8NGZ6	OR6F1
Q9NVH6	TMLHE
P18085	ARF4
O75038	PLCH2
Q8TDS5	OXER1
P07101	TH
Q2QD12	RPEL1
Q9H9V9	JMJD4
Q9UNA4	POLI
P48741	HSPA7
P35052	GPC1
Q96R67	OR4C12
P29120	PCSK1
O43681	GET3
Q9UGF5	OR14J1
P11233	RALA
O14732	IMPA2
Q16790	CA9
Q9BYZ6	RHOBTB2
P14555	PLA2G2A
O15054	KDM6B
P43657	LPAR6
P20338	RAB4A
P21453	S1PR1
P29762	CRABP1
Q5TCZ1	SH3PXD2A
Q9NQ66	PLCB1
P08134	RHOC
Q99707	MTR
P08185	SERPINA6
Q96HY7	DHTKD1
P60953	CDC42
Q9HBH0	RHOF
Q9P212	PLCE1
A6NND4	OR2AT4
Q9NQN1	OR2S2
Q9UJ83	HACL1
P32249	GPR183
P09486	SPARC
P00441	SOD1
P01112	HRAS
O75746	SLC25A12
Q7L0Q8	RHOU
Q15771	RAB30
Q9UBK8	MTRR
P14920	DAO
P34932	HSPA4
Q8NFU7	TET1
P12271	RLBP1
P61204	ARF3
P19087	GNAT2
Q8NGH8	OR56A4
P80188	LCN2
Q9UBR1	UPB1
O95398	RAPGEF3
P48739	PITPNB
O95396	MOCS3
Q9UQB8	BAIAP2
Q02156	PRKCE
Q16798	ME3
P30520	ADSS2
Q9C0B1	FTO
Q9P2R7	SUCLA2
Q8NGA8	OR4F17
Q6ZQW0	IDO2
P61587	RND3
Q9BXA5	SUCNR1
O94955	RHOBTB3
P41231	P2RY2
Q8NG81	OR2M7
P43088	PTGFR
Q6FI81	CIAPIN1
O95755	RAB36
Q02127	DHODH
Q9H4E5	RHOJ
Q9NV66	TYW1
P38567	SPAM1
Q969Z3	MTARC2
P43115	PTGER3
Q96G03	PGM2
P22748	CA4
P43166	CA7
P51810	GPR143
P00414	MT-CO3
Q96L33	RHOV
P35318	ADM
Q8N142	ADSS1
Q9NPG2	NGB
Q9Y6E7	SIRT4
P0AEL6	fepB
Q01469	FABP5
Q8NGL3	OR5D14
Q9UJS0	SLC25A13
P15917	lef
Q8NHB7	OR5K1
P10301	RRAS
Q9BQK8	LPIN3
P28332	ADH6
Q9UL25	RAB21
Q9Y4P8	WIPI2
Q9NUN7	ACER3
Q96I99	SUCLG2
P14207	FOLR2
O94844	RHOBTB1
Q5VZM2	RRAGB
Q9H2M3	BHMT2
P00167	CYB5A
Q9BU02	THTPA
Q969S9	GFM2
O14829	PPEF1
Q96R28	OR2M2
P36871	PGM1
Q969G6	RFK
Q6IQ22	RAB12
O00270	GPR31
P47900	P2RY1
Q99798	ACO2
Q8N3J5	PPM1K
O75936	BBOX1
Q0VDF9	HSPA14
Q16878	CDO1
Q9NYW6	TAS2R3
Q13304	GPR17
O43548	TGM5
Q99424	ACOX2
Q9NP72	RAB18
Q8IXI1	RHOT2
Q9ULX7	CA14
Q99518	FMO2
Q9UBX8	B4GALT6
O75342	ALOX12B
P45381	ASPA
P20309	CHRM3
Q9NQL2	RRAGD
Q86YS6	RAB43
Q8NH43	OR4L1
P60763	RAC3
Q8N371	KDM8
P61106	RAB14
Q9BXN2	CLEC7A
P49641	MAN2A2
Q9UL12	SARDH
Q92626	PXDN
Q15286	RAB35
Q96KS0	EGLN2
Q92539	LPIN2
P53384	NUBP1
Q99677	LPAR4
Q03113	GNA12
P09429	HMGB1
P27352	CBLIF
P02144	MB
Q14534	SQLE
A6NDG6	PGP
P62834	RAP1A
Q9NVV4	MTPAP
Q15147	PLCB4
O00194	RAB27B
Q9Y2C4	EXOG
Q9Y239	NOD1
P0DPI0	botA
Q9BRR6	ADPGK
Q96SZ5	ADO
P41180	CASR
Q5VT66	MTARC1
P22079	LPO
Q8NGF0	OR52B6
P36405	ARL3
Q15382	RHEB
O43151	TET3
Q99500	S1PR3
P62820	RAB1A
P61626	LYZ
Q9GZT9	EGLN1
O95757	HSPA4L
Q96MM6	HSPA12B
O15296	ALOX15B
Q5VYX0	RNLS
P61019	RAB2A
Q6NS38	ALKBH2
Q9NZ20	PLA2G3
Q6P587	FAHD1
P0C617	OR5AL1
Q9P1Q5	OR1A1
Q9NZK7	PLA2G2E
O95843	GUCA1C
Q8NGJ5	OR51L1
P62491	RAB11A
Q9HB90	RRAGC
P62745	RHOB
Q9NQX3	GPHN
P61020	RAB5B
Q8NCN5	PDPR
Q14833	GRM4
Q93088	BHMT
Q08623	PUDP
Q3V5L5	MGAT5B
Q8NGC7	OR11H6
Q15391	P2RY14
Q9Y2E5	MAN2B2
Q99489	DDO
Q9Y6B6	SAR1B
Q6QHF9	PAOX
Q1RMZ1	SAMTOR
P61006	RAB8A
P04054	PLA2G1B
P48723	HSPA13
O95299	NDUFA10
P34995	PTGER1
Q13607	OR2F1
Q9UNK4	PLA2G2D
P57772	EEFSEC
Q8NG99	OR7G2
P58753	TIRAP
A5D6W6	FITM1
O75570	MTRF1
P40616	ARL1
P29373	CRABP2
Q96RP9	GFM1
Q8NBW4	SLC38A9
Q9C000	NLRP1
Q14693	LPIN1
Q9BYV7	BCO2
P58170	OR1D5
P16870	CPE
P78362	SRPK2
P12821	ACE
Q8TCB6	OR51E1
P32754	HPD
Q9Y5N1	HRH3
P61160	ACTR2
Q9NUZ1	ACOXL
P34982	OR1D2
O43301	HSPA12A
Q9H244	P2RY12
Q9Y227	ENTPD4
P11234	RALB
P61026	RAB10
P38405	GNAL
Q8N6M3	FITM2
O43194	GPR39
P30996	botF
P10109	FDX1
P20061	TCN1
P16455	MGMT
P51688	SGSH
Q9H0U4	RAB1B
P62330	ARF6
Q9HC97	GPR35
Q8WZ84	OR8D1
P30953	OR1E1
Q9BV57	ADI1
P84095	RHOG
Q6P4F2	FDX2
O14862	AIM2
O43869	OR2T1
P29274	ADORA2A
P49441	INPP1
Q96Q83	ALKBH3
Q9Y2Z9	COQ6
P04958	tetX
Q8N1Q1	CA13
Q9UHB4	NDOR1
Q8TB92	HMGCLL1
P39877	PLA2G5
Q9NTJ4	MAN2C1
O60930	RNASEH1
P00918	CA2
Q96E52	OMA1
A2RUC4	TYW5
P23368	ME2
Q4KWH8	PLCH1
Q9UN19	DAPP1
Q9UJM8	HAO1
Q9H082	RAB33B
Q96SB4	SRPK1
P10844	botB
P08473	MME
Q8NGA6	OR10H5
Q01740	FMO1
P15153	RAC2
Q7Z5R6	APBB1IP
P55263	ADK
Q8NBZ7	UXS1
Q8TCT1	PHOSPHO1
O75439	PMPCB
P14902	IDO1
Q92903	CDS1
O14842	FFAR1
O14807	MRAS
Q00796	SORD
P18054	ALOX12
P52198	RND2
P59536	TAS2R41
Q9NX62	BPNT2
Q9Y4W6	AFG3L2
Q8IUF8	RIOX2
Q9NXE4	SMPD4
Q9BPV8	P2RY13
O60725	ICMT
Q14964	RAB39A
Q9NZK5	ADA2
P16083	NQO2
P10606	COX5B
P04545	M2-1
P0C7N1	OR8U8
Q96TA2	YME1L1
Q9NNW7	TXNRD2
Q00722	PLCB2
Q16795	NDUFA9
Q8TDZ2	MICAL1
P29275	ADORA2B
Q01970	PLCB3
O14672	ADAM10
Q8TBE9	NANP
Q13255	GRM1
Q9H3N8	HRH4
P15586	GNS
Q8N543	OGFOD1
Q9H0F7	ARL6
P27338	MAOB
O15254	ACOX3
P00915	CA1
Q6N021	TET2
Q96AT9	RPE
Q9BXC0	HCAR1
P51582	P2RY4
Q9NRD9	DUOX1
Q07075	ENPEP
P21397	MAOA
P51148	RAB5C
P37268	FDFT1
O43505	B4GAT1
Q9Y3N9	OR2W1
O00483	COXFA4
Q96G91	P2RY11
Q9NRD8	DUOX2
Q9H008	LHPP
P29375	KDM5A
O53533	mscR
P43119	PTGIR
P14735	IDE
P19321	botD
P61158	ACTR3
Q13258	PTGDR
Q9BZM2	PLA2G2F
Q86YW0	PLCZ1
Q8NG98	OR7D4
P15144	ANPEP
Q96T21	SECISBP2
Q8NGY0	OR10X1
Q9BZQ4	NMNAT2
O43865	AHCYL1
P07202	TPO
Q6PCE3	PGM2L1
Q96QP1	ALPK1
P31513	FMO3
P08908	HTR1A
Q14330	GPR18
Q99527	GPER1
P25021	HRH2
O00398	P2RY10
Q3LIE5	ADPRM
Q00496	botE
Q96N76	UROC1
Q6PHW0	IYD
Q6DHV7	MAPDA
P53004	BLVRA
O43286	B4GALT5
Q9UHY7	ENOPH1
Q9UHM6	OPN4
Q14061	COX17
Q96BT7	ALKBH8
Q8NGC9	OR11H4
Q9GZK6	OR2J1
Q9UI17	DMGDH
P08574	CYC1
Q8IV42	PSTK
Q9BR61	ACBD6
P14416	DRD2
Q8NGR9	OR1N2
P16442	ABO
Q6P6C2	ALKBH5
Q15669	RHOH
